codigo_tratado,nome_tratado
7700490,CONSIULTORIO MEDICO DRA ANA TERESA
7698127,CONSULTORIO DE PSICOLOGIA DRA CLAUDIA MONTENEGRO
7707150,INSTITUTO DO SONO E TRANSTORNOS MENTAIS
7769393,VIP SAUDE HOME CARE
5656281,CONSULTORIO ODONTOLOGICO JAMILE LUZ ALTMEIER OTTO
5661374,CONSULTORIO RAFAELA SALES DE CARVALHO
5662249,RADIOCOR
5326702,CLINICA DE OLHOS MARCOS FULCO
5412749,CONSULTORIO DRA TEREZA CRISTINA
5894271,CONSULTORIO ODONTOLOGICO DR ADRIANO DIOGENES
5386209,CENTRO DERMATOLOGICO DE NATAL
5398770,CENTRO DE FISIOTERAPIA NATAL
5398924,CONSULTORIO MEDICO EDILZE MEDEIROS GOMES
5400600,CONSULTORIO MEDICO ROSSANA CHRISTINE MOURA REBELO
5400945,DERMAFONO
5401836,CONSULTORIO ODONTOLOGICO ANNA KAROLINA PEREIRA MIRANDA
5403626,CONSULTORIO ODONTOLOGICO ANA KATARYNA DINIZ MAFRA
5403804,CONSULTORIO ODONTOLOGICO ALESSANDRA JEREISSATI MARTINS
5371864,CONSULTORIO MEDICO MAETERLINCK REGO MENDES
5375908,CONSULTORIO MEDICO ANTONIO ALADIM DE ARAUJO NETO
5378508,VIDA EM CASA
5549930,CONSULTORIO ODONTOLOGICO DRA LANNISSE ODISSER LOPES
7779836,RELVA SILVA LOUP
7782330,CONSULTORIO DE PSICOLOGIA MARINA FURTADO
7776233,SORRIDENTES IGAPO
7781504,RESSONANCIA SAO LUCAS
7535465,RH EORGANIZE
7536046,UROS UROLOGISTAS ASSOCIADOS LTDA ME
7538359,CONSULTORIO DE PSICOLOGIA DRA CAMILLE SILVEIRA
7557876,S S SERVICOS ODONTOLOGICOS LTDA ME
5502306,CONSULTORIO ODONTOLOGICO ANNA LUIZA C R DA R PAIVA
5503876,CONSULTORIO MEDICO KLEBER DE MELO MORAIS
7575548,M E SOLUCAO EM SAUDE E NUTRICAO
7578806,NURP NUCLEO DE REEDUCACAO POSTURAL
5417554,CONSULTORIO ODONTOLOGICO AFFONSO RECIPUTE JUNIOR
6017703,CONSULTORIO DRA RICHELLY ROCHA
7668694,CONSULTORIO DRA BIANCA QUEIROZ
5321611,CONSULTORIO MEDICO PEDRO GREGORIO ANTUNES
5322642,FISIOTERAPEUTAS ASSOCIADOS
5326699,CONSULTORIO MEDICO TULIO FERNANDES DE OLIVEIRA FILHO
6133223,CENTRO MEDICO ANA LIMA DE NATAL
5963079,CONSULTORIO ODONTOLOGICO DRA TATIANA CARVALHO
5339529,CONSULTORIO MEDICO MARCOS ANTONIO FREIRE DA COSTA
5342171,CONSULTORIO MEDICO MANOEL AFONSO D FILHO
5342848,CONSULTORIO MEDICO MANUEL DA SILVA SANTOS
5343097,CONSULTORIO MEDICO LUIS EDUARDO BARBALHO DE MELLO
5343127,CONSULTORIO MEDICO FERNANDO JOSE PINTO DE PAIVA
5346045,LABORATORIO PAN MED
7645082,INSTITUTO VIDA
5358329,CAPS INFANTIL ESPERANCA
5359732,CONSULTORIO DE PSICOLOGIA SANDRA MARIA DE ARAUJO SPINELLI
5360110,CONSULTORIO ODONTOLOGICO ITALO BRUNO ELIAS DE OLIVEIRA LEAL
5972450,COINSULTORIO ODONTOLOGICO DR RODRIGO
5972477,CONSULTORIO MEDICO DR ROBERTO GUERRA
5977444,CONSULTORIO ODONTOLOGICO DRA REJANE MORAIS
6000959,CONSULTORIO ODONTOLOGICO DRA PATRICIA DE FARIAS
7778260,HMG SAUDE
7686390,EMAGRECER SAUDE E ESTETICA
7749384,SIM
7760248,CONSULTORIA BRENDA DANTAS
5581931,CONSULTORIO MEDICO DR GLEICY TENORIO SETIME
7613695,CONSULTORIO MEDICO DRA LIANA BERUCIA
7614039,CONSULTORIO DR JORDAN DE GUSMAO
7614349,CONSULTORIO ODONTOLOGICO DRA ANA LUIZA VILAR
7615310,MOVIMENTE ESPACO TERAPEUTICO
7616139,CASA DE PSICOLOGIA
7617240,DRA ANGELICA MARIA FAUSTINO
5365384,CONSULTORIO ODONTOLOGICO JOSE EDSON DE MOURA JUNIOR
5366437,CONSULTORIO ODONTOLOGICO SUELY MARINHO BEZERRA GABRIEL
5366453,CONSULTORIO ODONTOLOGICO ULYSSES LEOPOLDO DE SOUZA
5366720,CONSULTORIO ODONTOLOGICO JULIANA SALDANHA OZORIO
5367948,CONSULTORIO MEDICO ANA CELIA COSTA DE CARVALHO
5369118,CONSULTORIO ODONTOLOGICO VANESSA CORTEZ PORPINO CYSNEIROS
5370515,CONSULTORIO ODONTOLOGICO ELIANE MARIA CARNEIRO MARINHO DE MA
5347335,CONSULTORIO MEDICO ENEIDA LUCIANO TORRES
7746539,CLINICA JUSTIZ
7739796,CONSULTORIO MARIANA ZULIANELI
5602327,CONSULTORIO ODONTOLOGICO DRA CAROLINE DANTAS VILAR
6722806,CONSULTORIO ODONTOLOGICO DRA KETSIA MEDEIROS
6728103,CLINORTO
6730000,SENTIRE
7714580,LABORATORIO UNIMED NATAL
6560210,CONSULTORIO ODONTOLOGICO DRA JOSELE DE JESUS
7724152,CONSULTORIO DRA DULCIANA COSTA
7796129,CT ENDOCLINICA CLINICA MEDICA LTDA
7656351,ECOCARDIO NATAL
6618960,CONSULTORIO ODONTOLOGICO DRA WALDENIA
6621023,CONSULTORIO ODONTOLOGICO DR LUIZ EDUARDO
7687958,CONSULTORIO MEDICO DRA GLEYSE KARINA
7795475,APIS CLINIC
7803303,PSICOLOGIA CLINICA RUANA QUEIROZ
6512984,CONSULTORIO DE PSICOLOGIA DRA KELIA
6621902,CENTRO CLINICO DE ENDOCRINOGIA
6626688,CIA ORAL
6626777,CLINICA TONY ELBERT
6628680,CONSULTORIO ODONTOLOGICO ANDRE LUIZ MARINHO FALCAO GODIM
6494226,CONSULTORIO DE NUTRICAO DRA AMELIA NOBREGA
5844029,CONSULTORIO ODONTOLOGICO DRA MARIA SARA
6705057,FVPJ
6420915,DELFIN IMAGEM
6456758,CONSULTORIO VIVYANNE FARIAS
6458173,CONSULTORIO DR EVILSON MACIEL
6461115,CLINICA APODI
6462979,CONSULTORIO MEDICO THIAGO GOMES DA TRINDADE
6459366,CONSULTORIO DRA ROZINEIDE
6658350,CONSULTORIO DRA REGINA DANTAS
6571913,CONSULTOPRIO MEDICO DRA NILMA EVANGELISTA
5842018,CONSULTORIO DRA ONEIDE MARIA
6672280,AMA PSICOLOGIA CLINICA
4013468,CENTRO CLINICO DR JOSE CARLOS PASSOS
2656574,CENTRO DE PATOLOGIA CLINICA
2408686,CENTRO DE REF DE ATENCAO AO IDOSO
2408228,USF DA REDINHA
2408805,UBS MIRASSOL
2408767,USF PASSO DA PATRIA
2653915,CENTRO ODONT E PRONTO ATEND DR MORTON DE FARIA
2656841,CLIEND II
2766566,CARDIOCENTRO SAO LUCAS
2679914,CENTRO CLINICO ODONTOLOGICO FUNDAC
2408996,CENTRO DE RADIOLOGIA DE NATAL
2408333,USF BELA VISTA
2408856,UBS JIQUI
2408821,POLICLINICA SUL
2408813,UBS PIRANGI
2656663,CLIEND I
2656744,CAPEC LABORATORIOS
2679922,CASA DA CRIANCA E DO ADOLESCENTE DEFICIENTE
6532888,CONSULTORIO ODONTOLOGICO DR FRANCISCO JOSE
6674402,CONSULTORIO CRA HELOISA COSTA
3660508,CONSULTORIO DRA MARGARIDA MARIA DE MELO
3662810,CONSULTORIO DRA WILMA SANTIAGO
2693666,OTOMED
4013646,CARDIOCLINICA DR OVIDIO FERNANDES
2380420,CLINICA SAO MARCOS LTDA
6142117,CONSULTORIO ODONTOLOGICA DRA ZORAIDE MELO
5521165,CONSULTORIO BIANCA TAVARES RANGEL
2766531,SKOPIA CLINICA
7408765,UPA 24H ESPERANCA
3456765,CLIO
3052338,INSTITUTO DA VISAO
3052435,CLINICA DR EUCLIDES GURJAO
3058921,PROCARDIO
3144933,CLINICA ANTHROPOS
3181588,CLINICA DE DESENVOLVIMENTO E REABILITACAO
3189031,CLINICA DR JOSE AMERICO
3139891,CLINICA JOSE MARINHO
3144860,CLINICA ODONTOLOGICA CAVALCANTI MELO
3137937,CLINICA PROVIDA
3055965,CLINICA VIVER
3179621,ENDOCLINICA ENDOSCOPIA CIRURGICA DO APARELHO DIDESTIVO
3117154,FISIOCLINICA
3200191,GASTRONUTRI
3167879,NUTRIVIDA
3184595,USF PLANICIE DAS MANGUEIRAS
7213875,CONSULTORIO MEDICO DR MAURILTON MORAIS
7213891,CONSULTORIO MEDICO DRA CIBELE
6247725,CONSULTORIO ODONTOLOGICO DRA MONICA REIS
6255604,CONSULTORIO ODONTOLOGICO DRA ANA PAULA
6265162,CONSULTORIO MEDICO DR LISSANDRO BARROS
6264158,CONSULTORIO ODONTOLOGICO DRA VILMA JALES
6269559,CONSULTORIO ODONTOLOGICO DRA ADRIANA AVELINO
6271561,CONSULTORIO DRA DULCINEIA PIRES
6828698,CONSULTORIO DRA POLLYANA CAPISTRANO
6218865,CONSULTORIO MEDICO DRA ANA AMALIA MOREL
6311881,CLINICA SIP
7395221,CLINICA VITALIDADE
7395663,ESPACO VITALE
7400535,CONSULTORIO DE PSICOLOGIA DRA LUCIANA FIGUEIREDO
7401310,OTOSSINUS
7403569,CONSULTORIO DERMATOLOGICO ROBERTA MARINHO
6799027,CONSULTORIO ODONTOLOGICO DR SANDERSON LOPES
6809421,CONSULTORIO MEDICO DRA GIOVANA MAIA
6813046,CONSULTORIO ODONTOLOGICO DRA YESA VALE
6409679,L REGO SERVICOS MEDICOS
6367631,CICORDIS
6375103,CONSULTORIO ODONTOLOGICO DR ALINE MADRUGA
6743900,CONSULTORIO ODONTOLOGICO DRA MICHELLE VARELA
6109551,CONSULTORIO ODONTOLOGICO DRA ADRIANA BORGES
6076874,ORTOSERVICE
6086284,ALERGOCLINICA
6095224,DENTAL SPA
6095240,ESSENCIA PSICOLOGIA
6108660,CONSULTORIO MEDICO DR JORGE SIMONETTI
6109640,CONSULTORIO ODONTOLOGICO DRA ANDREA DE MELO
6112056,CONSULTORIO MEDICO DRA RAQUEL MAIA
6123279,CONSULTORIO MEDICO DRA LENIRA NUNES
6126693,CONSULTORIO MEDICO DRA ROCHELLE
6241905,CONSULTORIO ODONTOLOGICO DR ROBSON NORMANDO
6368727,ETON
6345166,CONSULTORIO ODONTOLOGICO DRA CRISTIANE ASSUNCAO
6788912,ORAL SALUTE
6798942,CONSULTORIO ODONTOLOGICO DRA PATRICIA DUARTE
6379486,ANDRADE E AQUINO
6384188,CONSULTORIO ODONTOLOGICO DR EDRISI E LARISSA
7795696,ALDENORA ANDRADE
6137180,HEPATOGASTRO
3167267,UNIDADE CLINICA DE NATAL
6271634,HOLOS CLINICA
6280579,CONSULTORIO MEDICO DRA LIDIANE MOURA E SILVA
6283373,CLINICA MENINO JESUS
6289363,CONSULTORIO MEDICO DRA JULIANA ANDRADE
2656930,NATAL HOSPITAL CENTER
6425399,REDORI
6458955,CLINICA ADERSON TAVARES
3358305,CLINICA CAMPOS SALES
3358348,LABORATORIO LAGOA NOVA I
3358399,INSTITUTO DE MAMA DE NATAL
3358569,CEDIGE
3358607,UNIPLASTIC
3358631,CLINICA MARIA LEDA FERNANDES DE OLIVEIRA
3367525,INSTITUTO DE CARDIOLOGIA DE NATAL
3371190,UNICAD
3371212,VELUSIA MARIA MATOS MENDONCA PIRES FERREIRA
6243894,CONSULTORIO ODONTOLOGICODR GILTON CACHINA
6247393,CONSULTORIO MEDICO DR JULIO CESAR RESENDE
6247768,CONSULTORIO MEDICO DRA CLEIA AMARAL
6253954,CONSULTORIO ODONTOLOGICO DR HILARIO REGO
6260098,CONSULTORIO DRA DINA DANTAS
2679418,CENTRO CLINICO DE IGAPO
3153851,CLINICA MEDIURO DE NATAL
6400167,ANDREA DA SILVA MEIRELLES MACHADO
2656353,INSTITUTO DE OLHOS
5848806,CONSULTORIO ODONTOLOGICO DR ROBERTO PINHEIRO
5355575,CONSULTORIO ODONTOLOGICO RENATA CRISTINA LIRA DE CARVALHO BE
6190391,CONSULTORIO ODONTOLOGICO DRA RITA DE CASSIA FASANARO
2656825,TRAUMACENTER
6375820,CONSULTORIO MEDICO DR ELSON FERREIRA
3007855,LABORATORIO DE CITOLOGIA CLINICA DE NATAL
2409208,MATERNIDADE ESCOLA JANUARIO CICCO
2679531,SAMU I92 NATAL
2656671,IMUNOLAC
2679302,INSTITUTO DE ULTRASONOGRAFIA DE NATAL
3004643,LABORATORIO ALBERT SABIN
5481538,OBSTARE MEDICINA DIAGNOSTICA
5851807,CONSULTORIO ODONTOLOGICO DR FREDERICO GEORGIS
2654024,HOSPITAL ANTONIO PRUDENTE DE NATAL
3397343,TIANNA REBECA CABRAL
4013662,CLINICA MARCOS AURELIO MACHADO
2679469,HOSPITAL CENTRAL CORONEL PEDRO GERMANO
3244083,MARIE ETIENNE GOMES SILVA
3254976,GEORGINO HENDERSON PEREIRA LEMOS
3262251,ANA MARIA ALVES DE MACEDO
2656590,HEMOLAB MATRIZ
3118363,CLINICA DA CRIANCA
3158640,CLINICA DO CORACAO MENDES
3152081,CLINICA DR PAULO GONCALVES DE MEDEIROS
3156672,CLINICA ODONTOLOGICA MARINHO
3136949,CLINICA RICARDO MARINHO
3175006,COMED
3174441,FISIOCENTER
3146448,FISIOMED
3105601,FRANCISCO JOSE ASSI MEIRA LIMA
3139883,NEUROCLINICA
3171795,ONCOCENTRO
3136922,UNIAR CLINICA DE DOENCAS RESPIRATORIAS
3110427,VICENTE MODESTO DE ARAUJO JUNIOR
6966683,CONSULTORIO DRA ELIANE BARBOSA
6967574,CONSULTORIO DRA SUZETE ROVIRA
6967736,LABVIDA
6981380,CONSULTORIO ODONTOLOGICO DRA DEBORAH PALMEIRA
3244040,YVANNA FERREIRA MACHADO
3248011,CLINICA DE UROLOGIA DE NATAL
5524962,CONSULTORIO MEDICO JOAQUINA FERNANDES VIEIRA
3404544,CARDIA SERVICOS MEDICOS
7785895,MJ S SERVICOS MEDICOS
6920942,CONSULTORIO ODONTOLOGICO LUIZA VIANA
6909728,CONSULTORIO ODONTOLOGICO DR FERNANDO NESI
6914535,CONSULTORIO ODONTOLOGICO DRA RENATA CAMARA
7010052,CLINICA DA SAUDE
6928528,ODONTOMAIS
6899617,CONSULTORIO ODONTOLOGICO DR MARCUS PASCOAL
6901549,CONSULTORIO ODONTOLOGICO DRA LAIS ROBERTA
6902936,PETROBRAS
6905218,CONSULTORIO DRA ALDA TAVARES
7562322,CONSULTORIO ODONTOLOGICO DRA JULIANA GUEDES
7460821,CONSULTORIO DE PSICOLOGIA DRA FERNANDA ARAUJO
7471300,CONSULTORIO OONTOLOGICO DRA BARBARA BARRETO
7498020,CONSULTORIO DE PSICOLOGIA DRA GRACA CUNHA
7733097,CLINICA ELETROPACE
7554834,CONSULTORIO DRA RARYNNA FONSECA
6471056,ODONTO ESTETICA
7452152,CONSULTORIO DRA ANDREIA
6703984,CONSULTORIO DRA THAIS SALVI
7421419,GASTRO VIDEOCIRURGIA
7427034,COSULTORIO ODONTOLOGICO DR NORBERTO
7429665,CONSULTORIO DE PSICOLOGIA DRA NATALIA MONTENEGRO
7432380,INOVE ODONTO
6542859,CONSULTORIO ODONTOLOGICO DR RICARDO SOUSA
6545238,W M DENTISTAS ASSOCIADOS
6550169,CONSULTORIO ODONTOLOGICO MARCO MILAGRE
7506341,CONSULTORIO DE PSICOLOGIA ROCHELLI OLIVEIRA
6499473,CLINICA DANILO DAMASIO
6456669,CONSULTORIO ODONTOLOGICO
6457010,CENTRO DE NEFROLOGIA DE NATAL CNN
6458742,CONSULTORIO ODONTOLOGICO DR CLAUDIO
6462014,ESPACO ODONTOLOGICO
6463193,ANGIOMED
6463762,CONSULTORIO DE NUTRICAO DRA NADJA CLEONICE
6464394,CONSULTORIO ODONTOLOGICO DRA ELIZETE TRINDADE
7532970,CEREST CENTRO ESTADUAL DE REFERENCIA EM SAUDE DO TRABALHADOR
7540701,CLINICA ODONTOMEDICA CANDELARIA LTDA ME
7544723,CORREIA SERVICOS MEDICOS
6511929,CONSULTORIO DE PSICOLOGIA
7570198,LEANA SARAIVA COSTA
7574010,JOSE RICARDO PINTO SILVA
6513956,CONSULTORIO MEDICO DR VALFREDO
6525164,CONSULTORIO ODONTOLOGICO DR WILSON MADEIRO
6694632,CLIMEDI
6050220,NATALFISIO
6058604,CONSULTORIO ODONTOLOGICO DRA BEATRICE DIAS
6561802,CONSULTORIO ODONTOLOGICO DRA SILVANA LACERDA
6089518,CONSULTORIO MEDICO DRA LERCIA TEIXEIRA
6290361,CONSULTORIO DRA ANA LUCIA FREIRE
6291392,CONSULTORIO MEDICO DRA MILENA MARTI8NS
6071910,CONSULTORIO DRA FABIOLA SEABRA
6073034,CONSULTORIO MEDICO DRA GUIA
6074332,CONSULTORIO ODONTOLOGICO DRA INEZ CUNHA
6309925,CLINICA MARCIA ORTIZ
6228461,ANUAR SERVICOS MEDICOS
6233864,CONSULTORIO ODONTOLOGICO DR JAIME MOISES
6754015,CEIT CENTRO INTEGRADO DE TERAPIAS
6539637,IMA
6543391,CELP
6549861,CONSULTORIO ODONTOLOGICO DR THIAGO SOUSA
6795234,VITALLYS ODONTOLOGIA ESPECIALIZADOS
6079024,CONSULTORIO MEDICO MARIA DO SOCORRO PIMENTEL
6086187,CONSULTORIO MEDICO DRA FATIMA GURGEL
6086233,CONSULTORIO MEDICO DRA JACKLINE ABRANTES
6086314,CONSULTORIO MEDICO DRA TAISA MACEDO
6102506,CONSULTORIO MEDICO DRA DILVA ANDRADE
6089208,CONSULTORIO ODONTOLOGICO DR MARCO
6095283,CONSULTORIO ODONTOLOGICO DRA MORGANA CACHO DA COSTA
6095356,CONSULTORIO MEDICO DRA MARIA DE FATIMA GOMES PESSOA
6108547,MATERNIDADE PROFESSOR LEIDE MORAIS
6121748,CONSULTORIO MEDICO DRA CELINA REIS
6617972,OTOMED
6619002,CLINICA INTEGRADA
6267629,CONSULTORIO MEDICO DR JUNG SYUNG
6628710,CIRURGIA BUCO MAXILO FACIAL
6135218,CONSULTORIO MEDICO DR DJALMA CARLOS
6208568,CONSULTORIO DE PSICANALISE DRA KARIN JULIANE
6745903,AGAPE CLINICA
6767699,CONSULTORIO DRA FRANCINETE DE SOUZA
6769209,LABORATORIO PRIME POTENGI
6388841,CLINICA ENDOTORAX
6280765,INSTITUTO PEDRO CAVALCANTI
6283411,CONSULTORIO PSICOLOGICO DRA IZABEL AZEVEDO
6190855,CONSULTORIO DE FISIOTERAPIA DRA FABIOLA
6195504,CONSULTORIO ODOTOLOGICO DRA JACKELINE MAUX
6195660,CLINICA CIAM
6332366,CONSULTORIO ODONTOLOGICO DRA ALVANUSIA RODRIGUES
6296718,SERVICOS DE DIAGNOSTICO POR IMAGENS MEDICAS
6806848,HIPERBARICA NATAL
6811280,CONSULTORIO ODONTOLOGICO DRA MARZE PINHEIRO
7795645,ALVARO BENEVIDES IMPLANTODONTIA
7811543,CONSULTORIO ELVA HELENA VIEIRA COSTA CAVALCANTI ROCHA
6054951,AMI ASSISTENCIA MEDICA INFANTIL LTDA
5339383,CONSULTORIO ODONTOLOGICO MARIA DE FATIMA MONTE CARVALHO
6320899,CONSULTORIO MEDICO DR CREMILTON
6243738,CLINICA FISIOVIDA
6246915,CONSULTORIO MEDICO DRA GLEISSE AGUIAR
6247504,CONSULTORIO ODONTOLOGICO DRA KATIA OLIVEIRA
6251749,CONSULTORIO ODONTOLOGICO DRA MAGALI BARRETO
6259456,CONSULTORIO ODONTOLOGICO DR FLAVIO PACHECO
6260179,CONSULTORIO ODONTOLOGICO DR ANTONIO CABRAL
2654105,CASA MENINO JESUS
2654083,CENTRO INTEG ATEND EDUCACIONAL AO ADOLESCENTECIAD
5418402,CONSULTORIO MEDICO GEORGIA DO ESPIRITO SANTO DO NASCIMENTO
4013522,LABORATORIO DE PATOLOGIA CIRURGICA
2656760,LABORATORIO ALEXANDRE FLEMINGLAF
2656809,CLINICA MULT LIFE LABORATORIO
2656485,DISTRITO OESTE
2656507,USF SOLEDADE I
2656868,USF NORDELANDIA
2656906,CENTRO DE NEUROPSICOPEDAGOGIA
5756030,TO CLINICA
4013476,CENTRO DE REABILITACAO INFANTIL E ADULTO
8003629,HOSPITAL DO CORACAO DE NATAL
3091341,CLINICA ASSISTANCE FISIOTERAPIA
3082601,CLINICA DERMOESTETICA
3086909,CLINICA SANTA CLARA
3110303,DERMOCLINICA
5761786,CENTRO VITTA
6359965,CONSULTORIO MEDICO DR EMANUEL MATOS
6442692,CLINICA JULYTHA SILVEIRA
6444520,CONSULTORIO ODONTOLOGICO DRA FATIMA SUELY
2408384,USF VALE DOURADO
2408406,DISTRITO NORTE I
2408627,UNIDADE MISTA DE MAE LUIZA
2408724,UBS ALECRIM
2408740,UBS SAO JOAO
2408775,USF BRASILIA TEIMOSA
2408791,UBS PITIMBU
6615902,COMPLEXO ESTADUAL DE REGULACAO
2408163,USF NOVO HORIZONTE
2408279,CLINICA ARTICULAR UNIDADE DE FISIOTERAPIA
2408309,CLINICA DE OLHOS SANTA BEATRIZ
4013484,HOSPITAL GISELDA TRIGUEIRO
6353495,CONSULTORIO MEDICO DR PASCOAL
2381044,CLINICA DE DOENCAS RENAIS
2679515,USF SOLEDADE II
2679604,IOTRAUMA
2680033,PRONTOCLINICA DA CRIANCA DR PAULO GURGEL
2693682,PAPANICOLAU
3110257,CLINICA FEMINA
6348939,CI ATIVIDADE DE FISIOTERAPIA
3094359,PAN MED
2766345,TOMOCENTRO SAO LUCAS
2409119,POLICLINICA OESTE
2679493,PRONTO ATENDIMENTO INFANTIL SANDRA CELESTE
2408449,UBS LAGOA SECA
2408457,USF BOM PASTOR
2408430,USF GUARAPES
2409038,USF PLANALTO
6350224,CONSULTORIO ODONTOLOGICO DRA CONSUELO GUSMAO
2408465,USF CIDADE NOVA
3677125,CONSULTORIO DR JAMIL VARELA
3686930,CONSULTORIO DRA NEREIDA BEZERRA
3687031,CONSULTORIO DRA CLARA MARIA DIAS
3687201,CONSULTORIO DRA MARIA HELENA
2381451,HEMOCENTRO DALTON BARBOSA CUNHA HEMONORTE
3105717,MEDICARE
3649563,HOSPITAL UNIMED
3060373,AMI
6441866,CLINICA RICARDO MIRANDA
2408473,USF VISTA VERDE
4013549,CENTRO INTEGRADO DE CITOPATOLOGIA
5619904,CARDIONUCLEAR
3409988,FONSECA MEDICAL LTDA
8004625,CENTRO EDUCACIONAL ESPERANCA
2654253,CEORN
6108636,CONSULTORIO MEDICO DRA EDITH MARA
2408317,UNICORUNIDADE CARDIOLOGICA SC LTDA
2653958,CLINORT
2654180,TUTUBARAO
2656582,LABORATORIO ROMILDO PESSOA
4013611,TRATAMENTO FORA DO DOMICILIO
3108953,ORTOPEDIA PETROPOLIS
2408295,LABORATORIO RUDOLF VIRCHOW
2409135,SUVAG
2653982,HUOL HOSPITAL UNIVERSITARIO ONOFRE LOPES
2656892,SESI CLINICA
2766612,CLINICA TIROL
2408368,NUCLEO DE ASSISTENCIA MEDICA
2408392,USF AFRICA
2408481,USF GUARITA
2408538,APAE
2408635,UBS NOVA DESCOBERTA
2408732,DEPARTAMENTO DE VIGILANCIA EM SAUDE
2408759,USF ROCAS
2408783,USF PONTA NEGRA
2408848,UBS CANDELARIA
3559211,CLINICA DE FISIOTERAPIA
5672465,SECRETARIA ESTADUAL DE SAUDE PUBLICA DO RN
7186002,CLINICA PROCTOSAUDE
3644243,CONSULTORIO DRA EDILZA MARIA ANDRADE
3660885,CONSULTORIO DRA ROSAMARIA DE QUEIROZ GONCALVES
3663418,CONSULTORIO DR TERTULIANO AIRES
7356358,CONSULTORIO ODONTOLOGICO DRA CARLA FRANCOISE
6329195,CONSULTORIO MEDICO DR THOMAS
3106454,CENTRO DE REABILITACAO INTEGRADA NATAL
7479565,TEO TRATAMENTO ESPECIALIZADO DE ORTONDONTIA
7480377,ODONTO NORTE
7199368,REABILITO
7205406,TRAUMA FACE
7208871,CONSULTORIO ODONTOLOGICO DRA LUANA CARINA
2654075,CENTRO EDUCACIONAL PADRE JOAO MARIA
2654172,CENTRO DE CONTROLE DE ZOONOZES
2654229,ECOLAB
7334168,CONSULTORIO MEDICO
7334613,RB AESTHETIC CENTER
7337000,AUDEXX SERVICOS FONOAUDIOLOGICOS LTDA ME
7283636,CONSULTORIO ODONTOLIGICO DRA ROBERTA CUNHA
7286538,UROFISIO
7287259,CONSULTORIO MEDICO DR RODRIGO VIANA
7293658,C B HEMATOLOGIA LTDA ME
7294093,VIDA FONOAUDIOLOGIA
2680041,LABORATORIO DE ANATOMIA PATOLOGICA E CITOPATOLOGIA
7550626,CENTRAL ESTADUAL DE TRANSPLANTES CNCDO RN
7164408,CONSULTORIO MEDICO DRA IVANY BASTOS
7164947,CONSULTORIO MEDICO DRA LIDIANE FERREIRA
7868685,CENTRO MEDICO SAUDE E VIDA LTDA
9392912,CONSULTORIO ODONTOLOGICO DRA MARIA ELIENE DE OLIVEIRA
3060403,GASTROCENTRO
3058883,CLINICA DE OLHOS NATAL
3052346,DNA CENTER
3055973,OFTALMOCENTER
3052443,TRINDADE E TRINDADE SERVICOS MEDICOS
2653966,CERPICS CENTRO DE REF EM PRATICAS INTEG E COMPLEMENTARES
2654040,CID CENTRO DE IMAGEM E DIAGNOSTICO
2654113,ADOTE
2654199,GERONTOCLINICA
6145094,CONSULTORIO DRA ROSIE
6108806,CONSULTORIO DR ARNALDO FARIAS JR
5355605,CONSULTORIO MEDICO EDNA MARIA FONSECA PALHARES
5362350,CONSULTORIO ODONTOLOGICO IVONEIDE ALVES LINS DE LIMA
5362385,CONSULTORIO ODONTOLOGICO MARCOS DANTAS FULCO
5362644,CONSULTORIO ODONTOLOGICO FRANCIS JOSE NOBREGA LOPES
5362865,CONSULTORIO ODONTOLOGICO PATRICIA MEDEIROS DE OLIVEIRA
5363888,CONSULTORIO JOAO RICARDO SILVA DE ARAUJO
5365317,CONSULTORIO ODONTOLOGICO FATIMA REGINA TIENGO CORREA
5365473,CONSULTORIO MEDICO MARIA IONE FERREIRA COSTA
5366445,CONSULTORIO ODONTOLOGICO HENRIQUE FARLEY DE ANDRADE NEVES
5366631,CONSULTORIO ODONTOLOGICO CONCEICAO APARECIDA MACIEL HOLANDA
5367794,CONSULTORIO MEDICO ANGELA MARIA GOMES REVOREDO DE SOUSA
5367972,CONSULTORIO MEDICO ANA CELSA ARBOES PETRONILO
5370418,CONSULTORIO ODONTOLOGICO ANDREZA MARIA ANDRADE PINHEIRO
7339216,CONSULTORIO ODONTOLOGICO DR MUCIO VILAR
5321808,SOS OTORRINOS
5711711,CONSULTORIO CARLA IZABEL NOBREGA ARAUJO
5723191,CLINICA BETESDA
5373336,CONSULTORIO MEDICO FRANCISCO DAS CHAGAS FORMIGA DA SILVA
5375983,CONSULTORIO MEDICO REGINA MARIA OLIVEIRA DE MIRANDA
7473141,COPIRN
7489005,CONSULTORIO MEDICO DRA SIMONE BEZERRA
7492936,SPACIO REVIVIR
7493703,AUTRAN NUNES
7494750,ABD MEDICAL LTDA ME
5438578,CARDIODONT
7862938,BEM ORAL ODONTOLOGIA
5503744,CONSULTORIO ALEXEY ALVES GARCEZ
5503825,CLINICA DE GINECOLOGIA E OBSTETRICIA
6292062,CONSULTORIO DE NUTRICAO DRA SILVANA GURGEL
5856043,ONCOCLINICA
5785618,CONSULTORIO DR MAURICIO BRUM
5728460,CONSULTORIO DERMATOLOGICO DR JOAO GOMES
5728509,CONSULTORIO DR JULIO AGOSTINHO
5728592,CONSULTORIO ODONTOLOGICO DRA MARIA DAS GRACAS CALDAS
5728614,CONSULTORIO DE ODONTOLOGIA DRA ELZA MARIA GURGEL
5728630,CONSULTORIO ODONTOLOGICO DRA LIGIA MORENO
5728673,ODONTOLOGIA ESPECIALIZADA WENDELL LIMA CARVALHO
5728711,CONSULTORIO ODONTOLOGICO DRA MARIA GORETTI
5728754,CONSULTORIO ODONTOLOGICO NATALUSKA DANTAS DOS SANTOS ARAUJO
5728770,CONSULTORIO ODONTOLOGICO WADLEIA ALVES
5728797,CONSULTORIO ODONTOLOGICO SUSANNE DE SOUZA OLIVEIRA MEIRA LIM
5728827,CONSULTORIO ODONTOLOGICO CLAUDIA BARBALHO SILVA DE CARVALHO
5728851,CONSULTORIO ODONTOLOGICO LEILA MARIA GUEDES QUEIROZ
6023479,REVITALIS ODONTOLOGIA INTEGRADA
3843793,CONSULTORIO DR MARCIO AUGUSTO
3845575,CONSULTORIO DRA KARINA MACHADO GALVAO
3665143,CONSULTORIO DR DOMINGOS SAVIO RODRIGUES
5972469,CONSULTORIO ODONTOLOGICO DRA ALICE GUSMAO
5981549,CONSULTORIO DRA GRACA BEZERRA
3889092,CONSULTORIO DR SEBASTIAO FRAGOSO
5656451,CONSULTORIO ODONTOLOGICO FLORENCIO AUGUSTO LUCIANO PICADO
5661420,CONSULTORIO ODONTOLOGICO ALEXANDRE PINTO MAIA
6032451,CONSULTORIO DOONTOLOGICO DRA JACQUELINE GARCIA
3617327,CENTRO DE REFERENCIA EM SAUDE DO TRABALHADOR
3788008,CONSULTORIO DR BRUNO ROBERTO SOARES
3803112,CONSULTORIO DRA RAIONARA ALVINA MEDEIROS
5703573,CONSULTORIO GUSTAVO MEDEIROS CAVALCANTE
3586383,CONSULTORIO ODONTOLOGICO OTONIEL OSVALDO DE ALBUQUERQUE
3594955,CONSULTORIO ODONTOLOGICO FERNANDO MEDEIROS
3623122,ANGIODERMA
3630439,CONSULTORIO DR JOSE MARIO RODRIGUES
3637492,UROCOOPRN
3640159,CLINICA ANGIONEURO
3660931,CLINICA ODONTO MEDICA LAGOA NOVA
3703029,CONSULTORIO DR JARBAS UCHOA
3703061,CONSULTORIO DRA ROSANA FOLADOR
3665216,VISAO CLINICA
3670058,CONSULTORIO DRA LUCIA AMORIM MARTINS
3670236,CONSULTORIO DRA ELIONE GUEDES DA SILVA
3670376,CONSULTORIO DR GUARACI DA COSTA
3670422,CONSULTORIO DRA ANA SIMARA ALVES
3670732,CENTRO DE ESPECIALIDADES MEDICAS
3671518,CONSULTORIO DRA ADRIANA SIQUEIRA
6019668,CONSULTORIO ODONTOLOGICO DRA CONCEICAO
2693615,LABORATORIO CENTRAL
3670716,UNICLINICA PROFEMME
3670791,CLINICA DE MEDICINA E ESTETICA
3671658,CONSULTORIO DRA ALESANDRA KARLA FONSECA
5031842,CONSULTORIO ODONTOLOGICO DRA ELISABETH CRISTINA
5351049,CONSULTORIO MEDICO AL CONSULTORIO LTDA ME
5999650,CONSULTORIO ODONTOLOGICO DRA SUELY MEDEIROS ALVES
3702715,CONSULTORIO DR CAIO FLAVIO FERNANDES
3663507,CONSULTORIO DE DRA ETIENE RAMALHO DIAS
5203457,CONSULTORIO ODONTOLOGICO DR JOSE TEIXEIRA
5963052,CONSULTORIO ODONTOLOGICO DRA CAMILA PONTES
3745643,CONSULTORIO DR ARNALDO RODRIGUES
5194938,CONSULTORIO ODONTOLOGICO DRA OFELIA GOMES
5201578,CONSULTORIO ODONTOLOGICO DRA PATRICIA REBOUCAS
5236177,CONSULTORIO ODONTOLOGICO DRA MARIA JOSE
4013638,UROCENTRO
3052400,ECOCENTRO
3189104,USF IGAPO
3194752,USF FELIPE CAMARAO III
3213110,CIRUCOR
3215202,INSTITUTO DE GINECOLOGIA E ULTRA SONOGRAFIA DE NATAL LT
3227227,PEDRO ANISIO FILHO
3228606,ROSANGELA OLIVEIRA CAMARA
3234770,VERONICA DE LOURDES TRINDADE PINTO NEGREIROS
5208726,CONSULTORIO ODONTOLOGICO DR ALEXANDRE MAGNO
5210615,CONSULTORIO ODONTOLOGICO DRA ANITA MACIEL
5214335,CONSULTORIO ODONTOLOGICO DR HENRIQUE PEREIRA
5255023,NV ODONTOLOGIA
5267110,CONSULTORIO MEDICO DRA EDNA SILVEIRA
3236781,CLINICA PEDRO LOPES CARDOSO
3239950,SANDRA REGINA DE OLIVEIRA
3244059,CARLOS ALEXANDRE CAVALCANTI XAVIER
3245969,COI
5326532,CONSULTORIO MEDICO DEUSDEDITE AVELINO DE ARAUJO
5330386,CONSULTORIO ODONTOLOGICO MAURICIO ALEIXO FIGUEIRA
6334598,CONSULTORIO ODONTOLOGICO DRA GISELLE OLIVEIRA
5343178,ODONTOCLINICA
5335140,CONSULTORIO MEDICO CARLOS LEON CAMACHO
5337836,CONSULTORIO MEDICO KLEBER GIOVANNI LUZ
5339510,CONSULTORIO MEDICO FRANCISCA JUDITE FREIRE DE QUEIROZ
5342414,CONSULTORIO ODONTOLOGICO GRAZIELLE DE AZEVEDO PINHO
5342449,CONSULTORIO MEDICO LIVIO RAMOS DE SOUZA
5069394,UNIDENTAL
3429970,EIMAR LOPES DE OLIVEIRA
5309344,CENTRO CARDIOLOGICO
5245257,CONSULTORIO ODONTOLOGICO VIRGILIO ALEXANDRINO NETO
5251869,CONSULTORIO ODONTOLOGICO SIMONE DE OLIVEIRA VILA MELO
5253918,ODONTO BOX
5255678,CONSULTORIO ODONTOLOGICO MARIA DE FATIMA CAVALCANTE DE PAIVA
5276594,CLINICA POTENGI
5284368,CONSULTORIO ODONTOLOGICO MARIA AUXILIADORA TOSCANO CAVALCANT
5288134,ALEXANDRE DE OLIVEIRA PELAGIO
5288223,CONSULTORIO MEDICO FRANCISCO FIRMO DA ROCHA JUNIOR
5106435,CONSULTORIO ODONTOLOGICO DRA VIRGINIA MARIA DE MARIZ
5115299,CONSULTORIO ODONTOLOGICO DR HAROLDO DE SENA
5117348,SOS ADVENTURE
5117542,CONSULTORIO ODONTOLOGICO DR SYLVIO DE HOLANDA
5673828,CONSULTORIO ODONTOLOGICO ANTONIO CAPISTRANO FERREIRA NOBRE N
5182980,CONSULTORIO ODONTOLOGICO DRA MARIA RISOLANDIA
3309541,VIDA E IMAGEM
5295785,HOSPITAL NAVAL
5338018,CONSULTORIO MEDICO JOAO LUIS MOUSINHO MONTE
5342163,CONSULTORIO ODONTOLOGICO ANA LIGIA D DA COSTA
5342198,CONSULTORIO MEDICO CARLOS ALEXANDRE GUERRA FONSECA
5343038,CONSULTORIO MEDICO LEDA MARIA MACIEL SALDANHA RODRIGUES
5343119,CONSULTORIO MEDICO MYLENE CRISTINA PINTO DE PAIVA ALMEIDA
5344859,CLINICA WASHINGTON FAELANTE
5350549,CONSULTORIO MEDICO ADRIANA VALERIA DE CARVALHO MORAIS DANTAS
5314267,HOSPITAL ESTADUAL DOUTOR RUY PEREIRA DOS SANTOS
2408546,CLINLEG
5483417,CENTRO DE PATOLOGIA CLINICA S S LTDA
3421104,SOS FACE
3436098,EUGENIO CARLOS ARAUJO
3436071,NUCLEO DE FISIOTERAPIA E CLINICA MEDICA
2656833,CLINICA PEDRO CAVALCANTI
3448452,CONSULTORIO ODONTOLOGICO DRA LUZEILDE FLORENCIA
2380463,INCOR NATAL
2408643,CAPS III LESTE ANDRE LUIS
2409127,CAPS OESTE DRA NISE DA SILVEIRA
2654016,CASA DE SAUDE SAO LUCAS
2679523,CAPS AD NORTE JOSE JEOVA DOS SANTOS
3450155,CLINICA JOSE CABRAL
3525716,DIAGNOSE
3358623,LABORATORIO S N S DA CANDELARIA
3355500,CLINICA CRISTO REI
3355772,CENTRO OTORRINO
3355934,CENTRO INTEGRADO FRANCISCO BEZERRA
3356566,SERVIMED
3357287,CEMED
3357317,CLINICA CORPORIS
3357333,CLINICA MEDICA DRA TAMAR
3357384,CLINICA SATELITE
3358771,LABORATORIO POTENGI
3358801,CENTRO VITAL
3358836,ANGIO VASCULAR HOSPITAL
3355438,CLINICA NEUROLOGICA PROFESSOR TEOTONIO COSTA NETO LTDA
3358313,CEN CENTRO DE ENDOCRINOLOGIA DE NATAL LTDA
3358372,ANGIOCARDIO
3358402,REGINA CELY DE MEDEIROS ALCOFORADO
3358577,CLINICA NASCER
3358615,CENTRO DE NEUROFISIOLOGIA CLINICA
3358658,CLINICA ASCLEPIADES OLIVEIRA
3372707,NEUROMED CLINICA NEUROLOGICA LTDA
5524954,CONSULTORIO MEDICO PAULO XAVIER TRINDADE
3254992,MARIA DE FATIMA PEREIRA
3277437,FLAVIA CRISTINA DE LUCENA DANTAS
2766590,CLINICA MATERNA
3485544,ADEFERN
5787408,CONSULTORIO ODONTOLOGICO VOUGRAM CAVALCANTI DIAS
3663531,CONSULTORIO DR MARCELO MONTORIL
2693585,INSTITUTO DO RIM
7038232,CONSULTORIO DR DANUSA REGINA
7044259,VACINE FACIL
7045301,CONSULTORIO ODONTOLOGICO DRA JULIETA FERNANDES
7054386,CENTRO CLINICO DO CIDADAO LTDA
3576329,REABILITE
3576264,CONSULTORIO ODONTOLOGICO DR MARIANE GALVAO
6305490,CLINICA NEUROCIRURGICA GINECOLOGICA E OBSTETRICA
7140746,CONSULTORIO ODONTOLOGICO DRA JULIANA GARCIA
7140428,CLINICA BIO RELIGARE
7140568,MULTIFISIO
3703002,CONSULTORIO DR HILTON LUIZ
3703088,CONSULTORIO DRA VALDELUCIA
3670023,CONSULTORIO DRA MARIA LUCIA DANTAS
3670090,CONSULTORIO DRA VITORIA FERNANDES
3670333,CONSULTORIO DRA EDNA MACIEL VILAR
3670643,CLINICA MEDCENTER
3713733,MARCOS OLIVIERA E FILHOS S C LTDA
3724522,CONSULTORIO DRA EMILIA MARIA TRIGUEIRO
3738434,CONSULTORIO DR RAMON MARCELLO
7149948,DR MARCIA SILVA CLINICA DE ESPECIALIDADE
7150733,DENTAL MED S S LTDA
7152531,CONSULTORIO ODONTOLOGICO DRA LUCIANA PINHEIRO
7091176,CONSULTORIO DRA RENATA COLLIER
3899330,CONSULTORIO DRA JOILSA FERNANDES
3904857,CONSULTORIO DRA MARIA CRISTINA FERNANDES
3913708,CONSULTORIO DRA AMARILIS MACEDO
3884392,CONSULTORIO DRA MARIA DA GLORIA SILVEIRA
3924866,CONSULTORIO DRA ROSANGELA PATRICIA
3925188,CONSULTORIO DR MILTON AZEVEDO
3931943,CENTRO AVANCADO DE OFTALMOLOGIA
3935256,CONSULTORIO DRA ANA CRISTINA
7038062,CEAME
7120575,MOTOLANCIA 01
7118902,CONSULTORIO ODONTOLOGICO DR ANDRE CAVALCANTI
7120583,MOTOLANCIA 02
7120591,MOTOLANCIA 03
7120605,MOTOLANCIA 04
7120621,MOTOLANCIA 05
7120672,MOTOLANCIA 06
3942090,CONSULTORIO DR JOSE WILSON
3942163,CONSULTORIO DR EULER MACIEL
3955656,CONSULTORIO DRA ANA CLAUDIA LEAL
7105967,FUNDEP
7112661,USB 09
7112726,USB 11
7115989,INSTITUTO DE ORTOPEDIA
7118082,VITAL INSTITUTO DA VIDA
3801217,COOPMED RN
3787990,CONSULTORIO DR RUY MEDEIROS
3799948,CONSULTORIO DRA ALBENISE PINTO DE LIMA
3964884,CONSULTORIO DR FRANCIMAR ARAUJO
3972542,CONSULTORIO DR TACIANO REGO
3996417,CONSULTORIO DRA REGIA LICIA AMARAL
7105126,SALUTE NUCLEO DE SAUDE
7112637,USB 07
7112645,USB 08
7112696,USB 10
7112734,USB 12
7112807,USB 13
7112815,USB 14
7100655,USA 01
7104138,USA 02
7105878,USA 03
3960323,CONSULTORIO DRA ADRIA TABOSA
5010586,CONSULTORIO DRA IARA DAVIM GOMES
5172942,CONSULTORIO ODONTOLOGICO DR LAURIMAR QUEIROZ
5177472,CONSULTORIO ODONTOLOGICO DRA GILDA MARIA
5180031,CONSULTORIO ODONTOLOGICO DRA MARIA ECLESIA
5183197,CONSULTORIO ODONTOLOGICO DRA EDILMA XAVIER
5194245,CEMPRI
5203694,CONSULTORIO ODONTOLOGICO DR SELEDON MARQUES
5213991,CONSULTORIO ODONTOLOGICO MARIA OLGA OLIVIA
3867862,CONSULTORI DRA VINETE
3873579,CLINICA DA CRIANCA
3880125,CONSULTORIO DR LUIZ MURILLO LOPES
5010373,ANGIO
3919641,UNIODONTO RN
5012260,CONSULTORIO DRA ELIANE CARLAN PADILHA
5147239,CONSULTORIO ODONTOLOGICO DRA MARILIA DO SOCORRO
5154170,CONSULTORIO MEDICO DRA JOCILDA MARIA
5060516,CLINICA GRACA FERNANDES
5095581,CONSULTORIO ODONTOLOGICO DRA MARIANE DA COSTA
5119855,ESPACO CLINICO VIDA E SAUDE
5129907,CONSULTORIO ODONTOLOGICO DRA ZILVANE FREIRE
5220246,CENTERPREV
5188970,CONSULTORIO ODONTOLOGICO DRA ANDREA KATIA
5009863,CONSULTORIO DR FERNANDO FERNANDES
5017335,CONSULTORIO DR JOSE ASCENDINO
7801882,PSICOLCLIN
7815867,CHELY SHIRLEY PRINCESS MACHADO
7813384,CONSULTORIO DE PSICOLOGIAPSICANALIS NATHALIA NUNES
7816952,CONSULTORIO DRA ANA CLAUDIA M DE ARAUJO
7815069,CONSULTORIO PSICOLOGIA TEREZA CRISTINA
7796234,IRO
5323215,MEDCLIN CLINICA DE ACUMPUTURA MEDICA
5318505,CONSULTORIO MEDICO FRANCENILMA ALVES DE SOUZA
5322553,CONSULTORIO MEDICO ELGER OLIVEIRA NUNES DA SILVA
5322944,CIM CENTRO DE IMAGEM MAXILO FACIAL
5710081,CONSULTORIO ODONTOLOGICO LUCIENE MIGUEL DA SILVA
5714370,UNIFONO
5723213,CONSULTORIO ODONTOLOGICO GEAZI DUARTE DE CARVALHO
5382963,CONSULTORIO MEDICO PEDRO DE ALCANTARA FARIAS
6145477,CONSULTORIO ODONTOLOGICO DRA CAROLINE REVOREDO
5728444,CONSULTORIO DRA PATRICIA SEREJO
5728479,CONSULTORIO ODONTOLOGICO DRA IVANISE ARAUJO
5728533,CONSULTORIO PEDIATRICO DRA ANA FLAVIA
5728606,IOP INSTITUTO DE OLHOS DE NATAL
5728622,CONSULTORIO ODONTOLOGICO DR ROSSIER ARAUJO
5728657,CONSULTORIO ODONTOLOGICO DR FRANKLIM ROOSEVELT
5728703,CONSULTORIO ODONTOLOGICO DRA IVANA MACEDO
5728738,CONSULTORIO ODONTOLOGICO ANA CLAUDIA DE LIMA
5728789,CONSULTORIO ODONTOLOGICO NIVIA DIAS DE MEDEIROS DANTAS
5728800,CONSULTORIO ODONTOLOGICO JOAO LUIZ CAMARA DA SILVA
5728835,CONSULTORIO ODONTOLOGICO KATIA GOMES FREIRE MEDEIROS DE ARAU
5739381,CONSULTORIO ELISA MARIA SILVA DE ALMEIDA
7764928,CEMED CARE
7785860,RAS SERVICOS
7680821,CONSULTORIO ODONTOLOGICO DRA NATALIA CARVALHO
5923158,CONSULTORIO MEDICO CIRURGIOES VASC ASSOCIADOS DE NATAL
5929326,REABILITY CENTER CENTRO CLINICO
6042406,CRITICAL CARE
5418240,CONSULTORIO MEDICO MARCIA LEITE DE OLIVEIRA TORRES
7594496,CONSULTORIO DE PSICOLOGIA DRA JULIANA GOUVEIA
5816866,CONSULTORIO DR ALAN REGO
5835038,CONSULTORIO ODONTOLOGICO DRA CIBELE ROCHA
5835178,CONSULTORIO DRA ROBERTA FORASTIERI
6026745,CONSULTORIO ODONTOLOGICO DRA MARIA DE FATIMA
5335094,CONSULTORIO MEDICO ISABELLE PEREIRA SOARES
5335159,CONSULTORIO MEDICO LETICIA GONCALVES LEON CAMACHO
5337976,CONSULTORIO MEDICO ARINES PEREIRA SANTOS MONTE
5339464,CONSULTORIO MEDICO LUIZ DIONISIO DE MELO
5342287,CONSULTORIO MEDICO LUIS VIANA GOMES
5342406,CONSULTORIO MEDICO ROSANGELA LULA DE MEDEIROS
5342430,CONSULTORIO ODONTOLOGICO PATRICIA LYLIAN LEMOS DE FARIAS
5854229,CONSULTORIO ODONTOLOGICO DRA CRISTIANNE MEDEIROS
5857015,CONSULTORIO DRA ADRIANA RIBEIRO
7732449,CLINICA TOTAL SAUDE
7599889,CENTRO DE MOLESTIAS INFECCIOSAS EIRELIS
7602987,CONSULTORIO DR NELSON DOMINGUES
7609655,UROGRUPO NATAL
7620632,CLINICA CIRURGICA DE NATAL
7620683,GLOBAL MED MEDICINA E SEGURANCA DO TRABALHO LTDA
7621507,EAFI ESPACO APLICADO DE FISIOTERAPIA
7624581,LRA SERVICOS MEDICOS LTDA
7681860,NATAL DERMATOLOGIA
7768796,CENTRO PRO ANALISE
6010474,CONSULTORIO ODONTOLOGICO DR DEIVID ANDRADE
6011837,CONSULTORIO JULIANA DE CARVALHO
7654758,INP
7655193,CONSULTORIO MEDICO DRA LIVIA BARROS
7655460,IGO
5357403,CONSULTORIO ODONTOLOGICO YOLITA DANTAS BATISTA
5362369,CONSULTORIO ODONTOLOGICO FABIOLA GURGEL DE MAGALHAES
5362393,CONSULTORIO ODONTOLOGICO PETRONIO MEDEIROS DE OLIVEIRA
5362792,CONSULTORIO MEDICO DENISE XAVIER DA SILVEIRA MARTINS
5363810,CONSULTORIO ODONTOLOGICO ALCIDES CARAMEL
5364078,KORPAGE
5366496,CONSULTORIO ODONTOLOGICO LUANA FURTADO MUSSULLY LEMOS
5372062,CONSULTORIO MEDICO SERGIO MACEDO DE MEDEIROS
5373328,CONSULTORIO MEDICO LEONARDO MESQUITA SAMPAIO
7802994,CONSULTORIO ODONTOLOGICO NATALIA FERNANDES
7723113,CONSULTORIO DE PSICOLOGIA DRA ANA CLAUDIA
7764715,CONSULTORIO DR CAMARA FILHO
7785844,MECENA SERVICOS MEDICOS LTDA ME
7768028,PSICOTERAPIA DO SER
7772394,CONSULTORIO MEDICO DR OZENILDO MELO
7804431,CONSULTORIO DRA FADJA ALVES
7786093,INSTITUTO DE RADIOLOGIA DE NATAL
7726104,ENDOS
6392040,ORAL CLINIC
6394329,CURA TE
6404553,CONSULTORIO FABIANE DA SILVA
7650256,SOS OTORRINOS
7773773,ORAL IMAGEM
6438938,CONSULTORIO ODONTOLOGICO ODEGLEIDE TRINDADE
7757301,NATAL HOME
7656467,NEURO VASCULAR
7658583,LABORATORIO DNA
7663242,GRUPO REVIVER NATAL
7664052,DANILLA DE SOUSA FALBO
7664087,MARIA DA GRACA FERREIRA PRAXEDES DA SILVA
7669321,ALERGOCENTER
7670591,CLINICA DE PESQUISA E COMBATE AO CANCER DO RN LTDA EPP
6726704,NEOLAB NATAL
6728170,IORN
7767161,MARCIA CRISTINA LIMA DA COSTA MEDEIROS
6570178,OFTALMOCENTER
7674252,CONSULTORIO DE PSICOLOGIA DRA GINA BRANT
7689462,EMAGRECER SAUDE E ESTETICA
7688636,CONSULTORIO MEDICO DR EDVALDO VASCONCELOS
5462967,CONSULTORIO MEDICO HILDO FREIRE FERNANDES
2798743,USF POMPEIA
6717713,CONSULTORIO ODONTOLOGICO DR SILVANO PINHEIRO
2798727,POLICLINICA
6447716,CONSULTORIO ODONTOLOGICO DRA MIKARLA CELY
2656914,USF JOSE SARNEY
2679272,CLINICA DE ONCOLOGIA E MASTOLOGIA
2679310,INSTITUTO DE PATOLOGIA CLINICA
2679361,LAES LABORATORIO
2679396,LAES LABORATORIO
6269508,CONSULTORIO DRA IARA FERNANDES
6433944,CLINICA DE PSICOLOGIA
6463150,CONSULTORIO ODONTOLOGICO DR ROBERTO ALADIM
6463207,ENDOVASC
6464378,CONSULTORIO ODONTOLOGICO DRA IONE CABRAL
6465692,CONSULTORIO DRA ROSANGELA MACHADO
6507808,NEONUTRE
6531288,UPA 24H DE PAJUCARA
6328792,CONSULTORIO ODONTOLOGICO DRA ANNE
6329101,CONSULTORIO ODONTOLOGICO DR ROBERTO LEIROS
3255220,COR
3288722,CHISTIANNE NEGREIROS DE SA ROSADO
3290093,CONSULTORIO DRA DEISE DORIA CABRAL
6571093,CONSULTORIO ODONTOLOGICO DR ALEXANDRE DELGADO
6477240,CONSULTORIO DR WAGNER NUNES
2380471,MEDIMAGEM
2409194,HOSPITAL DR LUIZ ANTONIO
2656736,LABORATORIO DR PAULO GURGEL
2679450,CLINICA JUNG SIUNG CAMELO DANTAS
4013441,CENTRO DE ESPECIALIDADES INTEGRADAS LESTE II
2656477,LABORATORIO MEDICO DE PATOLOGIA
2656639,MICROLAB LUZANIRA DA SILVA BEZERRA EPP
2656957,PAPI
2409011,DEPARTAMENTO DE ODONTOLOGIA
2654059,FUNDAC
2380498,INSTITUTO DE RADIOLOGIA DE NATAL
2656566,FARIAS LABORATORIO DE ANALISES CLINICAS
6529003,CLINICA BIOS
6687563,CONSULTORIO ODONTOLOGICO DRA VANESSA DE PAULA
6680011,CONSULTORIO ROBERTA CAMBOIM
3663345,CONSULTORIO DR JEEZIAS BASTOS
5475635,CONSULTORIO ODONTOLOGICO MANOELLA REGO DE CARVALHO
5851793,CONSULTOIO DRA JANAINA CAVALCANTE
3167259,INSTITUTO GENISIS
6774296,CONSULTORIO ODONTOLOGICO DR HUMBERTO DANTAS
6787673,CONSULTORIO ODONTOLOGICO DRA HELGA ADACHI MEDEIROS
7197691,CLINICA MAIS MULHER
7197721,RADIODONTO NATAL
7197845,CONSULTORIO ODONTOLOGICO DRA SUMAIA AUSTREGESILO NOGUEIRA
7198779,AGAPE CENTER
7195478,CONSULTORIO MEDICO DR JOSIVAN
7413785,CONSULTORIO ODONTOLOGICO DRA MILA FONTES
7422113,CONSULTORIO ODONTOLOGICO DR RENATO
7425686,CONSULTORIO MEDICO DR ANGELO CAMPOS
7427298,CONSULTORIO MEDICO DRA TATIANA
7291035,ACUPUNTURA CENTER
7302835,UNIMED FISIO
7304161,CONSULTPRIO DE PSICOLOGIA
7309678,CONSULTORIO MEDICO DRA TANIA MEDEIROS
6060676,ODONTOLOGIA ANA PEREIRA
7261705,JATOBA LABORATORIO CLINICO E PATOLOGICO
6204880,CONSULTORIO NUTRICAO ELIZANGELLA LISBOA
7378947,CONSULTORIO DE PSICOLOGIA DR JOAO THIAGO
7379560,UDFACE
7379587,CONSULTORIO DE PSICOLOGIA DRA HANNIA ROBERTA
7379595,CONSULTORIO MEDICO DR ANTONIO CARLOS
7386516,OHB NATAL
7388675,CONSULTORIO DRA GLENDA PATRICIA
7391749,ACQUA ORALE CLINICA ODONTOLOGICA LTDA
7396295,CLINICA PERFIL
6086195,CONSULTORIO MEDICO DRA ANGELA BARROS
6086292,CENTRO DE DERMATOLOGIA CLINICA E CORRETIVA
6086403,CONSULTORIO MEDICO DR MARCOS OLIVEIRA
6086489,CONSULTORIO MEDICO DRA EDINILMA
6076378,DIAGNOSTICO LAB DE ANALISES E CITOPATOLOGIA CLINICA LTDA
6089496,CONSULTORIO MEDICO DRA LUCIANA FERNANDES
6095313,CONSULTORIO ODONTOLOGICO DR ROBERTO IMPERADOR FILHO
6118275,PSICOSSOMA
6230725,CONSULTORIO MEDICO DRA MARIA DA GUIA
6738478,PRO URO
6809367,CONSULTORIO MEDICO DR LEONARDO MAIA
6340733,CENTRO MEDICO NATAL
7407971,VIVER
6039405,CONSULTORIO DE NUTRICAO DRA FERNANDA TARCELIA
6724353,CONSULTORIO ODONTOLOGICO DR SEBASTIAO NATO
6728308,CONSULTORIO MEDICO DRA FERNANDES REGO
6102255,CONSULTORIO MEDICO DR EDMILSON FREIRE
6055109,MULTICLINICA
6769063,CONSULTORIO DRA EUGENIA CHAVES
6778658,CLINICA NOSSA SENHORA DA PENHA
6076831,ORTOMEDIC
6098207,CONSULTORIO MEDICO DR NILO SANTANA
6109055,CONSULTORIO MEDICO DRA ZELITA SANTOS
6344461,CONSULTORIO ODONTOLOGICO DR ROMULO DIAS
6192521,LABORATORIO R GARCIA
6072615,CONSULTORIO MEDICO DRA MARIA APARECIDA
6074308,CONSULTORIO ODONTOLOGICO DR EMANUEL
6075541,LABORATORIO HAPPY LTDA
6273386,GASTROPROCT
3355667,JOAO MARIA PINHEIRO DAMASCENO
3355748,CONSULTORIO ODONTOLOGICO DRA IVANA GADELHA
3356523,GASTROPROCTO HOSPITAL
3357260,CENTRO DE HEMATOLOGIA DE NATAL
3357309,CLINICA DA MULHER
3358798,CLINICA FERTILE
3358828,CLINICOR
3355411,JOSE NAZARENO MOREIRA DE AGUIAR JUNIOR
3355462,AUGUSTO AURELIANO DA COSTA FILHO
4013581,UNICAT NATAL
2654032,PROMATER
2766639,HEMOVIDA
6320880,VITA SALUTIS NUCLEO DE QUALIDADE DE VIDA
6320910,CONSULTORIO ODONTOLOGICO DR SILVIO MAIA
6326242,CONSULTORIO ODONTOLOGICO DRA LILIANE ARAUJO
2380447,NUCLEO HEMATOLOGIA E HEMOTERAPIA
2654245,LABORATORIO DE CITOPATOLOGIA
6334415,CONSULTORIO ODONTOLOGICO DRA MERIAN LEIROS
6291015,CONSULTORIO ODONTOLOGICO DRA RIDIANE MEIRA
6299911,CONSULTORIO ODONTOLOGICO DRA ANNA EMILY
6300944,CENTRAL DE REGULACAO DE NATAL
6270077,CONSULTORIO ODONTOLOGICO DRA ADAZILMA FERNANDES
6272924,CONSULTORIO DRA YARA PINI
6268803,CONSULTORIO MEDICO DRA ANA ELEONORA BEZERRA
6332153,DENTAL MED CENTER
6332315,CONSULTORIO ODONTOLOGICO DRA MIREIA MIRANDA
2679353,LAES LABORATORIO
3232670,CEAO
3186946,CLINICA CELENE DINIZ
3190242,USF PARQUE DOS COQUEIROS
3198618,LABORATORIOS HOPE
3226026,SIMONE LEITE DINIZ DE OLIVEIRA
3228584,ANA AUGUSTA OLIVEIRA DA CAMARA
3233138,VIRGINIA EUFRASIA MOREIRA DE FARIAS PEREIRA
3239942,ELOISE ALINE DE NEGREIROS CAMARA
3244032,CASILLO PRAXEDES DE AQUINO
3244644,FRANCISCA GOMES BARBOSA DOS SANTOS
2380390,ONCOCLINICA SAO MARCOS SC
2408554,USF PAJUCARA
2408716,CAPS AD LESTE DR LUIZ GONZAGA MOREIRA
2410133,PRONTONEURO
2679248,LABORATORIO TERCIO ROSADO
3402045,AUREO FERNANDES BORGES JUNIOR BORGES LTDA
3402959,CONSULTORIO ODONTOLOGICO DRA LARISSA MESQUITA
6984894,ODONTOWAY
5482860,CONSULTORIO MEDICO ANA KARLA MONTEIRO SANTANA DE OLIVEIRA FR
7785828,OCULARES
6925022,CONSULTORIO ODONTOLOGICO DRA FLAVIANA CAMELO
6890253,CONSULTORIO NUTRICIONAL RAFAELA GOMES
6890458,CONSULTORIO PRISCYLLA ARAUJO
6929850,CONSULTORIO ODONTOLOGICO DR MARCELO CARDOSO
6930107,MULTISAUDE
6934935,ART DENTAL CLINIC
6930026,CONSULTORIO DRA CLENEIDE GADELHA
7432437,DELFIM IMAGEM
7435444,CONSULTORIO DE PSICOLOGIA DRA CLAUDIA FRAGOSO
7437218,CONSULTORIO ODONTOLOGICO THIAGO BRUNA
7438028,CONSULTORIO DE FISIOTERAPIA FISIONORTE
7439415,MULTMED
7440480,HARMONY ORTO CENTER
6836127,CONSULTORIO ODONTOLOGICO DRA VANESSA BARBOSA DE FREITAS
6844707,CLINICA GINECO MAMA
6855156,DNA VITALLIS
6857361,CLINICA DAIANE SALDANHA
6857396,CONSULTORIO ODONTOLOGICO DR SANDRO SILVEIRA
6946216,ESPACO ADAPTO
6951376,CONSULTORIO ODONTOLOGICO DRA EMILIA NEVES
6955320,CONSULTORIO ODONTOLOGICO DR DANIEL VALE
6955371,UNIDADE CARDIOVASCULAR E GEREATRICA LTDA
6958141,CONSULTORIO DR LUIZ PONTES
7511302,CENTRO DE REABILITACAO E INTEGRACAO MULTIDICIPLINAR
7525346,CONSULTORIO ODONTOLOGICO DR RUY VERAS
7528515,CIM LABORATORIOS
7742789,CONSULTORIO ADRIANO MIRANDA
7591918,BEM ODONTO
7511256,ENDOCLIN RN
7549083,CONSULTORIO DE PSICOLOGIA DRA MONIQUE ELALI
6468268,CONSULTORIO DE PSICOLOGIA DRA ANNA EUGENIA
6576516,CONSULTORIO ODONTOLOGICO DRA EVELIN CRISTINA
7627971,CONSULTORIO DE PSICOLOGIA MARTINA GALVAO
7638523,MEDICINA INTEGRADA PETROPOLIS
6477313,CONSULTORIO MEDICO DRA MARIA DO CARMO
6483259,CONSULTORIO DRA CLARISSA DEMEDA
6493041,CONSULTORIO ODONTOLOGICO PREMIER ODONTO
6495370,CLINICA REABILITAR
6505546,CLINICA DE OLHOS LOS ANGELES
6679102,CLINICA CIRURGICA DIGESTLAP LTDA
6680348,CONSULTORIO MEDICO DRA REGINA FOTIN
6687598,CONSULTORIO DE PSICANALISE
6528899,ANGIO MED CLINICA MEDICA
6108822,CONSULTORIO DRA FABIOLA CAVALCANTE
6080960,CONSULTORIO ODONTOLOGICO DR RICARDO SA
6086594,CONSULTORIO ODONTOLOGICO DR ORGIVAL
6095232,CACIL
6106722,HEMOCARDIO
6108830,CEFOP
6111440,CONSULTORIO ODONTOLOGICO DRA ANA LIDIA MACEDO
6117481,CONSULTORIO MEDICO DRA ESPERANCA FIGUEIREDO
6124488,CONSULTORIO DRA MARIA SOCORRO RICARDO
6566200,NATAL DENTE
6705448,CONSULTORIO ODONTOLOGICO DRA TATIANA COCENTINO RAMOS
6225381,CONSULTORIO ODONTOLOGICO DR RICARDO MIRANDA
6232167,CONSULTORIO MEDICO DRA MARILIA CAROLYNE ALENCAR
6736939,LC FONO
6102557,CONSULTORIO ODONTOLOGICO DR OTAMAR CUNHA
6583466,CONSULTORIO DRA
6272800,CONSULTORIO DRA LICEMAR GUEDES
6272983,CONSULTORIO ODONTOLOGICO DR PATRICK FREIRE
6554148,CONSULTORIO ODONTOLOGICO DR DOMINGOS SAVIO
6246974,CONSULTORIO DE PSICOLOGIA DRA MARIA ODETE MENEZES
6250378,CONSULTORIO ODONTOLOGICO DRA PLACIDA MARTINS
6262740,CONSULTORIO DRA ANA LUCIA
6265391,CONSULTORIO ODONTOLOGICO DRA ANNA LUCYDE DE CASTRO SOBRAL
6268129,CONSULTORIO DRA MARIA JOSE SABOYA
6271502,CONSULTORIO DRA LENIRA XAVIER
6628583,ORAL PRIME
6626904,BIOCARDIO SAO LUCAS
6783708,CONSULTORIO ODONTOLOGICO DRA KARINA GUEDES DE SOUSA
6272371,CONSULTORIO MEDICO DR FRANCISCO NUNES
6282407,ORAL DESIGN
6299962,COFAM
6301924,CONSULTORIO MEDICO DRA TANIA AZEVEDO
6810012,ENDOGIN
6203795,CONSULTORIO ODONTOLOGICO DRA ANA CLARA AZEVEDO
6344569,CONSULTORIO DRA VIVIANE DE ALBUQUERQUE
6343015,AFURN
5659086,CONSULTORIO MEDICO LUCIA DE FATIMA MARQUES DA CUNHA
3329496,ALERP
2653974,CLINICA DE OLHOS SANTO ANDRE
2654210,STI
3122662,COT
3101959,CLINICA DE FISIOTERAPIA E REABILITACAO NMOTORA
3086844,CLINICA DO DOUTOR ANTONIO MATIAS
3105628,CLINICA SANTA MONICA
2693577,NATAL OTOCENTRO
6324118,NEURON SERVICOS MEDICOS
2408155,USF NAZARE
2408252,HOSPITAL MEMORIAL
2408287,NOT
2408570,HOSPITAL DR JOSE PEDRO BEZERRA
3092992,CENTRO INTEGRADO DE REUMATOLOGIA
3086836,AVS SERCOS MEDICOS
6446647,MULTIMED
5755778,CONSULTORIO MAISE SOARES DUARTE DA SILVA
5458765,CONSULTORIO ODONTOLOGICO RENATA BEZERRA DE MELO MEDEIROS
3205215,OFTALMOCENTRO
2380404,CLINICA NUCLEAR DE NATAL
2654008,USF KM 6
2656965,UNICIPLE
2408945,ENDOGASTRO
2409003,CLINICA SANTA MARIA
2409054,USF POTENGI
2409070,POLICLINICA NORTE II
2409097,USF PANATIS
2409143,CASN
2409186,HOSPITAL PSIQUIATRICO PROFESSOR SEVERINO LOPES
2409224,UNIDADE PSIQUIATRICA DE CUSTODIA E TRATAMENTO
3670813,CLINICA NATALIS
5999618,CONSULTORIO ODONTOLOGICO DRA ANALU
2409151,HOSPITAL INFANTIL VARELA SANTIAGO
2408864,DISTRITO SUL
2408929,USF APARECIDA
2766515,CIN
3011267,CENTRO DE RAIO X
3329534,CLAUDINE VALERIA CORREIA SOUSA
3421112,AUTA MARIA PEREIRA DE CARVALHO
6439853,CLINICA MARIA PAIVA CABRAL
5520185,CONSULTORIO MEDICO RAIMUNDA BARBOSA DA SILVA
6354181,CEDILAB CENTRO DE DIAGNOSTICO LABORATORIAL
2408325,PRONTOCLINICA DE OLHOS
5985633,CONSULTORIO MEDICO DRA MYRNA CHAVES
5468655,CONSULTORIO ANTONIO SERGIO MESQUITA DA SILVA
3258084,REGINA LUCIA CARDOSO DO MONTE NUNES SILVA
3286606,EMERGENCIAS CARDIOLOGICAS
2656701,LABORATORIO NATAL DE ANALISES CLINICAS
2656795,LIATEC LABORATORIO
2693623,LABORATORIO LUCHIARI
2656361,CENTRO DE OFTALMOLOGIA DE NATAL
2656469,PNEUMOCENTRO CENTRO DE DOENCAS RESPIRATORIAS
2656493,USF CIDADE PRAIA
2656515,HOSPITAL DE OLHOS DO RN
2656876,USF SANTA CATARINA
6215289,CONSULTORIO MEDICO DRA PAULA BORBA
2679590,CLINICA DE IMAGEM
2654261,HOSPITAL MARIA ALICE FERNANDES
2679906,UNIDADE MOVEL DE ODONTOLOGIA
5469848,AGILLIUM IMPLANTOLOGIA
6596401,ORTHOS
2766523,FERNANDO NEGREIROS ANATOMIA PATOLOGICA
2408562,HOSPITAL DA VISAO
6335748,CONSULTORIO ODONTOLOGICO DRA SUELI
6341748,FERNANDO PAIVA DE MEDEIROS
6347436,CONSULTORIO ODONTOLOGICO DRA KARLA FALCAO
6347223,SECRETARIA MUNICIPAL DE SAUDE NIVEL CENTRAL
3327000,MARIA DAS GRACAS CAMARA CAVALCANTE
3327035,JOAO BARROS DA SILVA
2408260,HOSPITAL COLONIA DR JOAO MACHADO
3321487,GYNOCENTER
3117170,LABORATORIO DNA
3110273,PREVCENTER
2766353,HEMODINAMICA SAO LUCAS
2408872,UNIDADE MISTA DE CIDADE SATELITE
2408236,UNIDADE MISTA DE FELIPE CAMARAO
2766558,UNITORAX
2408414,USF GRAMORE
2408147,USF MONTE LIBANO
2408988,CLINICA PROFESSOR HEITOR CARRILHO
3670198,CONSULTORIO DRA ALETA DOS SANTOS
3677168,CONSULTORIO DR JOAO BOSCO LIMA
3686914,CONSULTORIO DRA LUIZA MARIA DE CARVALHO
3686957,CONSULTORIO DR RONALDO DUMARESQ
3687074,CONSULTORIO DRA KATIA CORREIA
2679582,HOPE LABORATORIO LTDA
2693593,LAB DE ANATOMOHISTOPATOLOGIA DE NATAL
2766361,UNINEURO
3153924,INSTITUTO DE ENDOSCOPIA DIGESTIVA DE NATAL
6213219,CONSULTORIO ODONTOLOGICO DRA MAURA MARIA
2408953,CLINICA DE FRATURAS
2408961,CLINICA DE MAMA
2409046,USF BAIRRO NORDESTE
2409062,CLINICA ODONTOLOGICA INFANTIL I
2409089,USF NOVA NATAL
2409100,USF QUINTAS
2409178,OFTALMOCLINICA NATAL
2409216,USF SANTAREM
2653931,MATERNIDADE ARAKEN IRERE PINTO
2656337,HOSPITAL ANTONIO MARTINS
2654202,CLINICA DE RAIOS X E ULTRA SOM
7324987,CONSULTORIO ODONTOLOGICO DRA KAATIA BARROS
7314736,ALPHA ODONTO CLINICA ESPECIALIZADA DE NATAL
7317514,CONSULTORIO DE PSICOLOIGIA VANESSA INDIARA
7361106,INSTITUTO DE CIRURGIA CABECA E PESCOCO
7254059,CLINICA DE OLHOS MARCO REY LTDA
3110311,PREVINA
3111636,REUMOCLINICA
3089258,ECOCENTRO DIAGNOSTICO ULTRASSONOGRAFICO LTDA
3089223,ABREU OFTALMOLOGIA
2679221,BIOCENTER ANALISE CLINICAS
2679299,BIO ANALISES
2679329,ORTOMED CLINICA DE ORTOPEDIA E MEDICINA ESPECIALIZADA
2679388,LAES LABORATORIO
2679485,USF NOVA CIDADE
2653990,USF FELIPE CAMARAO II
7345895,CLINICA FUNCIONAL
7347634,CLINICA MEDENF
7347944,ENDOCLIN CLINICA MEDICA
3244229,CONSULTORIO MEDICO DR LUIZ FERNANDO LADEIRA FONTES
6507646,CONSULTORIO ODONTOLOGICO DRA IEDA M P F FRANCA
7166729,CENTRO CLINICO UNIMED VIA DIRETA
7168101,CONSULTORIO MEDICO DR ALVARO SANTOS
7169876,CONSULTORIO MEDICO DR EDISI
7215304,ASSISTANCE PREVENCAO E SAUDE
3180050,CLINICA GINODERMA
3215334,UNIPELE
7217609,CONSULTORIO PELAGIO
7219393,CLINIFISA
7221193,CLINICA WALID BOU CHACRA
7224702,FISIO AR SAUDE
7236883,COOPTERRN
7239149,CONSULTORIO DRA ADRIANA
7125577,USB 15
7245262,CONSULTORIO DE TERAPIA OCUPACIONAL DRA CLAUDIA ROSSETTO
7247931,CONSULTORIO DRA GEORGIA ASSUNCAO
7255055,CENTRO MEDICO UNIMED PEDIATRICO
5395682,CONSULTORIO ODONTOLOGICO LORENA DE ARAUJO LIRA
5398916,CONSULTORIO MEDICO ENEIDA LUCIANO TORRES
5398983,CONSULTORIO LUANA CAROLINA ED MEDEIROS PAIVA
5400759,CONSULTORIO ODONTOLOGICO FABRIZIA MARIA AMORIM SERAFIM
5400961,CONSULTORIO ANDREA MARIA ALCOFORADO GONDIM GURGEL
5402085,CONSULTORIO ODONTOLOGICO ANECAROLINE SILVA MESQUITA DE OLIVE
5403707,CONSULTORIO ANA SILVIA MARTINS REBOUCAS
5405416,CONSULTORIO ODONTOLOGICO MANUELA MARIANO DE MELO
5371899,CONSULTORIO MEDICO ALDENILDE REBOUCAS FALCAO
5373212,CONSULTORIO ODONTOLOGICO ANTONIO DE AZEVEDO MEDEIROS FILHO
7332491,HAPPY PROTESES
7340540,CONSULTORIO DRA RAIANNE BEZERRA
5378699,CONSULTORIO MEDICO ZELIA MARIA SILVA DE ASSIS
5384591,CONSULTORIO ODONTOLOGICO WILSON LEITE MAIA SOBRINHO
5386187,CONSULTORIO MEDICO DALZENIR LEITE DE QUEIROZ BARROS
7343981,CLINICA IVONEIDE JALLES
7316720,CLINICA ENDODERMA
5803993,CLINICA INFANTIL ANCHIETA DANTAS
5825814,CONSULTORIO ODONTOLOGICO DRA MARCIA MORAES
5835135,CONSULTORIO ODONTOLOGICO DRA KALINA LIGIA
5835232,CONSULTORIO ODONTOLOGICO DRA RIANE URSULINO
6832105,NATAL CLINICA
5561558,CLINICA SER
5583446,CONSULTORIO ODONTOLOGICO DR MARLOS JEAN GOMES
5914671,CONSULTORIO ODONTOLOGICO DRA CYBELLE BRAZ
5924065,CONSULTORIO ODONTOLOGICO ORGIVAL TAVARES
3660354,CONSULTORIO DR AELSON MOACIR
3663558,CONSULTORIO DR CELSO MATIAS
3670015,CONSULTORIO DR ISAU GERINO
3671607,CONSULTORIO DRA CRHISTINA MARIA DE ARAUJO
3702731,CONSULTORIO DR SERVULO ANTONIO DE HOLANDA
3873536,CONSULTORIO DRA HELOISA ROCHA
3880079,CONSULTORIO DRA TERESA NEUMANN BESERRA DANTAS
5942616,CONSULTORIO ODONTOLOGICO DR GUSTAVO NOBRE
3900479,CONSULTORIO DRA MARIA LUIZA
3913678,CONSULTORIO DRA RHANNA MARANHAO
3913724,CONSULTORIO DRA MARIA DE LOURDES
3917835,CLINICA OTORHINUS NATAL
3927768,CONSULTORIO DRA BIANCHA LINHARES
3935175,CONSULTORIO DRA MONICA FERREIRA
6338178,SPINECENTER
5728886,CONSULTORIO ODONTOLOGICO ADALI SOARES LINS BAHIA
7861192,F R SERVICOS MEDICOS
3740811,CONSULTORIO DR RONALDO ROBERTO
6018807,CONSULTORIO DRA ALAINE
5787599,CONSULTORIO ODONTOLOGICO CAMILA CAROLINA SALVIANO DANTAS
6000991,CONSULTORIO MEDICO DR ISAQUE ESTACIO DE SOUZA
6535178,CLINICA ODONTOLOGICA ODILON GARCIA
6033377,CONSULTORIO ODONTOLOGICO DRA NADIEDJA MIRANDA
5673089,CONSULTORIO MEDICO RAPHAEL PINTO DE MENDONCA
6014038,CONSULTORIO ODONTOLOGICO DRA NICOLE NOGUEIRA
3702987,CONSULTORIO DR FRANCISCO ARITONIO
3721949,CONSULTORIO DRA ANA TEREZA LEIROS
3725197,CONSULTORIO DRA NINA LOURDES
3727394,CONSULTORIO DRA MARIA SUZETTE GUERRA
5608473,ODONTOART
3762637,CONSULTORIO DR JOSUE BATISTA
3769348,CONSULTORIO DRA SIMONE MARIA DE OLIVEIRA
3827143,CONSULTORIO DR LENILSON SILVA
5358418,CONSULTORIO ODONTOLOGICO GISELDA GOMES CAVALCANTE
5359783,CONSULTORIO ODONTOLOGICO CYNTHIA ROSADO DA ESCOSSIA
5361044,CONSULTORIO MEDICO KATIENNE MARIA CAMPOS FREIRE
5999634,CONSULTORIO ODONTOLOGICO DRA MARTA MACHADO
5616719,CONSULTORIO ODONTOLOGICO ALEXANDRE GOMES MAIA
6286178,GLIA NEUROCIRURGICA
5704812,CONSULTORIO MEDICO TADEU ALENCAR FONSECA
3655768,CONSULTORIO DR GUSTAVO GOMES TORRES
3708926,HOSPITAL MUNICIPAL DE NATAL
3854574,CONSULTORIO DRA MARIA DE LOURDES MAIA
5166969,CONSULTORIO ODONTOLOGICO DRA EDNA MARIA
5189446,CONSULTORIO ODONTOLOGICO DRA MARLENE LACERDA
2656981,OTOCLINICA
5113024,CONSULTORIO MEDICO DRA TEREZA CRISTINA
5147778,CLINICA FRANCISCO ARNAUD E ANTONIO HOLANDA
5154278,CONSULTORIO ODONTOLOGICO DRA MARLENE BATISTA
5095565,CONSULTORIO ODONTOLOGICO DRA MARIA LUZINETE
5127947,CONSULTORIO MEDICO DRA MARIA JACQUELINE FREITAS
5130360,CONSULTORIO MEDICO DRA IEDA SOUSA BEZERRA
5139384,CONSULTORIO ODONTOLOGICO DRA CASSIA LISSANDRA
5115221,CONSULTORIO MEDICO DR ANTONIO FRANCISCO
5117011,CONSULTORIO DRA MARIA LEDA DANTAS
5121604,CONSULTORIO ODONTOLOGICO DRA SONIA MARIA
5121787,CONSULTORIO ODONTOLOGICO DRA MARY ANGELA MOREIRA
5125537,CONSULTORIO ODONTOLOGICO DRA MELUSIA RODRIGUES
5352592,CONSULTORIO ODONTOLOGICO TACIO DANTAS DE BRITO GUERRA
3430340,ELOZITA FERNANDES DE OLIVEIRA
2380382,IOHN
2657007,HOSPITAL DE GUARNICAO DE NATAL
5102626,CONSULTORIO ODONTOLOGICO DRA SILVANA MARISA BONGIOVANNI
5115787,CONSULTORIO ODONTOLOGICO DR FRANCISCO CANINDE
5120934,CONSULTORIO ODONTOLOGICO DR JOSE ANGELIM
5120977,CONSULTORIO ODONTOLOGICO DRA ISABEL CRISTINA
5314801,CONSULTORIO ODONTOLOGICO KATIA REJANE DA SILVA
5321433,CONSULTORIO ODONTOLOGICO REJANE MARIA CASTRO LEMMOS
5322596,CLIMED
5321042,MEDIMAGEM II
6332102,CONSULTORIO ODONTOLOGICO DRA ANNE JUSSARA
2679337,LABORATORIO LAGOA NOVA
6334121,CONSULTORIO ODONTOLOGICO DRA JOSYANIA KELLY
3231291,JOSEFA TERESINHA DE LIMA CRUZ
3236994,PATRICIA ATAIDE E SILVA TEIXEIRA
3358356,GINECARDIO
3457982,TRAJANO SALGADO NETO
5129966,CONSULTORIO ODONTOLOGICO DRA MARCIA MARIA
5176778,CONSULTORIO ODONTOLOGICO DR CARLOS AUGUSTO
5179955,CONSULTORIO ODONTOLOGICO DRA KATIA SUELLY
5183146,CONSULTORIO ODONTOLOGICO DRA ANA CRISTINA
5185653,CONSULTORIO ODONTOLOGICO DRA LAISE ARAUJO
5464013,CONSULTORIO ODONTOLOGICO RICARDO LOPES DE ARRUDA
3409783,UNIPROCT
3397475,CENTRO DE ENDODONTIA ESPECIALIZADA
3545466,CLINICA SANTA ELIZA
3248550,ANA BEATRIZ SALDANHA DE AZEVEDO
3264858,KARLINE OVIDIO RIBEIRO
2653923,HOSPITAL MONSENHOR WALFREDO GURGEL
2679345,LAES LABORATORIO
2380412,NEFRON CLINICA SC LTDA
3594912,IORN
3608425,CONSULTORIO ODONTOLOGICO KATIA MARIA
3608484,CARDIOCLINICA
3623157,CONSULTORIO ODONTOLOGICO VILANE OLIVEIRA DE LIMA
3628523,CLINICA CONTATO
3628647,CONSULTORIO DR ROBERTO DUARTE
3638588,CONSULTORIO LARA THIANNE DE PAULA
9416943,R I SERVICOS MEDICOS
5780802,CONSULTORIO ODONTOLOGICO GUDERSON COSTA
3572196,COOPERATIVA DOS MEDICOS ANESTESIOL DO ESTADO DO R G DO NORTE
3402029,ADILSON AMANCIO LEMOS FILHO
3402916,CONSULTORIO ODONTOLOGICO DR GILBERTO LUIZ DE QUEIROZ
3402940,CONSULTORIO ODONTOLOGICO DR HERMANO
3402983,REGINA LUCIA FERNANDES DOS SANTOS
3396908,UNIVERSIDADE POTIGUAR
3502643,LABOCLINICA ENDOCRINOLOGIA LTDA
5995396,CENTRO CLINICO UNIMED
3665208,CONSULTORIO DR JOAO CLAUDIO MARTINS
3555542,CLINICA ILZA MEDEIROS
3551792,CASSI RIO GRANDE DO NORTE RN
3551806,INCER
3650774,CLINICA DE DOR E ACUPUNTURA
3660435,CONSULTORIO DRA LUCIA DE FATIMA CHAVES
3663590,CONSULTORIO DR FRANCISCO QUINHO CHAVES
3670295,CONSULTORIO DR ALMIR DE BARROS
3670406,CONSULTORIO DRA MARIA DE FATIMA SCARPA
3670503,CONSULTORIO DRA ANA LIGIA NASCIMENTO
3671569,CONSULTORIO DRA MARIA GORETTI GERMANO
3686973,CLINICA DA PELE
7155263,AMICO
3670740,CIMI
3671461,CONSULTORIO DRA JUSSARA BATISTA
3698106,CONSULTORIO DRA LUCIA MARIA
3663442,CONSULTORIO DRA MARIA DE FATIMA
3721922,CONSULTORIO DRA DENISE COSTA
7124287,NEOM CLINICAL
7124368,CONSULTORIO ODONTOLOGICO DR MAXWELL RODRIGUES
3189090,USF PARQUE DAS DUNAS
3747328,CANSULTORIO DR LEVI HIGINO
3747417,UNIVITAE CLINICA
7021275,NEUROLIFE
7035284,CONSULTORIO ODONTOLOGICO DR SERGIO LUIZ
3837947,CONSULTORIO DR RUY ALEXANDRO
3845559,CONSULTORIO DRA VANESSA ALMIM BRITO
7069820,CONSULTORIO DRA LAURA MARIA D ALMEIDA
7073208,DENTISTAS E ASSOCIADOS
7150660,INSTITUTO DE RADIOLOGIA DE NATAL
7025831,CONSULTORIO DE NUTRICAO MARIA VIVIANE PAIVA
7081162,CONSULTORIO DRA ELIANNA ROCHA
7086431,CONSULTORIO DRA ILZA CARLA
5703263,CONSULTORIO ODONTOLOGICO FRANCIMEYRE FREITAS REBOUCAS
7051573,CONSULTORIO MEDICO DRA VIRNA ROCHA
7051581,HOSPITAL BRASILEIRO DA VISAO
7054610,VITAL MED
3854566,CONSULTORIO DRA MARISTELA NOBRE
3972615,CONSULTORIO DRA ANGELA MARIA ROMEIRO
3979490,CENTRO CLINICO DO VALE
7025459,SESC SAUDE DA MULHER UNIDADE MOVEL
7102186,ESPACO SAUDE TIROL
7182198,CONSULTORIO MEDICO DRA ISABELA CARVALHO
7183992,CONSULTORIO ODONTOLOGICO DR DANILO GONZAGA
7184662,CONSULTORIO MEDICO DRA ZITA DE SOUZA ROCHA
7186037,PRONTONEURO
7186290,PACHECO E ARMSTRONG SERVICOS MEDICOS
7127855,NATAL LAB
7130279,CONSULTORIO ODONTOLOGICO DRA ANA CAROLINE
7132506,CONSULTORIO ODONTOLOGICO DR ALEIXO FIGUEIRA
3765504,CONSULTORIO DRA ILANA MARIA MOTA
3769453,CLINICAL MED
3832333,CONSULTORIO DRA MARIA BATISTA
5504511,NATALCOR
3942112,CONSULTORIO DRA POLIANA MEDEIROS
3942279,CONSULTORIO DRA ELIZENILMA DOS SANTOS
3951790,CONSULTORIO DRA ADRIANA
5208475,CONSULTORIO ODONTOLOGICO DRA JACYANE MELO
5208882,CONSULTORIO ODONTOLOGICO DRA THAISE CORTEZ
5211522,CONSULTORIO ODONTOLOGICO DRA JANNINE BARBALHO
5234662,CONSULTORIO ODONTOLOGICO DRA EULALIA MARIA
5265231,CONSULTORIO ODONTOLOGICO DR ALEXANDRE LIMA
5078741,ENDO VISION
5116961,CONSULTORIO ODONTOLOGICO DRA ANA CAROLINA VIEIRA
5117437,CONSULTORIO ODONTOLOGICO DRA MARIA HELENA FERN NDES
5120918,CONSULTORIO ODONTOLOGICO DR WENDELL FERNANDES
5106567,CONSULTORIO MEDICO DR PAULO SERGIO MACEDO
5116929,CONSULTORIO ODONTOLOGICO DRA ANYSABELLE TELEMACO
5120969,CONSULTORIO MEDICO MARIA DO CARMO
5010659,CONSULTORIO DRA CECILIA ANDREA
5012554,CONSULTORIO DRA FRANCISCA EUGENIA MEDEIROS
5115329,CONSULTORIO ODONTOLOGICO DRA MARY DA SILVEIRA
5119383,CONSULTORIO DRA ISA REJANE
5121663,CONSULTORIO ODONTOLOGICO DR ANTONIO PONTES
5125162,CONSULTORIO ODONTOLOGICO DRA RENATA GALVAO
5129931,CONSULTORIO MEDICO LUCIA MARIA PONTES
5136164,CONSULTORIO ODONTOLOGICO DRA MARIA DE FATIMA
5142229,CONSULTORIO ODONTOLOGICO DR MOREIRA
5243424,CONSULTORIO ODONTOLOGICO EMERSON PIMENTA DE MELO
5247098,CONSULTORIO ODONTOLOGICO LUANA BATISTA LEAL
5252091,CONSULTORIO ODONTOLOGICO ANA CRISTINA PIERRE DOS SANTOS
5253926,CLINICA MAIA E MELO
5261856,CONSULTORIO ODONTOLOGICO PATRICIA GUERRA FIGUEIREDO DA SILVA
5276756,CONSULTORIO ODONTOLOGICO NARIA DAS GRACAS MORAES DE A SOUZA
5288118,CONSULTORIO MEDICO RICARDO ZACCARA BARBOSA
5288193,CONSULTORIO MEDICO BERNARDO CELESTINO PIMENTEL B SOUTO
5295858,CONSULTORIO ODONTOLOGICO SUELY ARAUJO
5201314,CONSULTORIO ODONTOLOGICO DRA ROSANGELA PINHEIRO
5203384,CONSULTORIO ODONTOLOGICO DR SERGIO CARLAN
3972496,CONSULTORIO DR JOAO ALFREDO
3977587,CONSULTORIO DR CARLOS TRIGUEIRO
3970132,CONSULTORIO DRA MARIA DAS GRACAS AMORIM
3987086,CONSULTORIO DR PETRONIO JOSE CAVALCANTI
3982157,CLINICA JOSE ARAUJO
7829779,CONSULTORIO DE PSICOLOGIA LEITE OLIVEIRA
7821603,CONSULTORIO DE NUTRICAO
7825498,CEOP CLINICA ESPECIALIZADA EM ODONTOLOGIA E PSICOLOGIA
7824718,SORRIDENTS
7819439,LAVINIA SOUZA TERAPIA INTENSIVA PEDIASUIT
7823258,CLIAD
9406964,CONSULTORIO ODONTOLOGICO DR CARLOS MONTENEGRO
7819366,CONSULTORIO DE PSICOLOGIA FLAVIA CAMARA DO VALE
7820380,IMPO ODONTOLOGIA INTEGRADA
7840934,CONSULTORIO ODONTOLOGICO DR HENRIQUE
7844484,MAURICIO DE LACERDA PRO CHECK UP
7829914,CLAUDINE VANESSA DE ALBUQUERQUE MEDEIROS GALVAO
7842058,SABOIA COELHO SERVICOS MEDICOS
7865414,CONSULTORIO MATHEUS AMARAL
7875568,ELAINE MUNIC TORRES FERREIRA
7868642,CONSULTORIO ODONTOLOGICO ADRIANA VASCONCELOS
7865627,CLINI MAIS
7875126,L D COUTINHO FISIOTERAPIA
7868715,PROTEMIX
7893086,ODONTO FORTES
9406344,CONSULTORIO DE FISIOTERAPIA DRA ISABEL CHRISTINA
9408231,CENTRO PEDIATRICO DE NATAL
7893612,CONSULTORIO FLAVIA SATURNINO
7898177,IPS
7899076,CENTRO DE REABILITACAO ORAL DE NATAL LTDA ME
7894910,BELLA FORMA CLINIC CENTER
7903642,PSICENTER
7897545,CONSULTORIO LEYLANE LESSA
7906684,ELISA ABREU ODONTOLOGIA
7908032,CLINICA GINECOLOGIA E OBSTETRICIS NO VILLE SANTE
7908717,CONSULTORIO MACHADO FREIRE
7907990,ODONTO PRIME 24 HORAS
7908687,CONSULTORIO CARTAXO BARROS VERAS
7913559,CONSULTORIO CHRISTIAN MAR
7913478,ODONTO LOGICA
7950411,NABANALISES
7955383,PAN MED
7958021,UBS QUINTAS
7965397,ANAPED
7978030,FERTILITE MEDICAL LTDA
7954298,CPCLIN
7981759,MEDSANUS SERVICOS MEDICOS
7997469,CONSULTORIO ODONTOLOGICO ELIAKIM MEDEIROS
7995547,ESPACO 4 LIFE
7970536,CONSULTORIO DE PSICOLOGIA DRA CLARICE BLANKENBURG
7993145,CONSULTORIO ODONTOLOGICO DR ANDRE LUIZ
7997434,ODONTO LUX
7994508,CONSULTORIO ODONTOLOGICO DR JOAO ROBERTO
7993137,EMPREENDIMENTOS MEDICOS CARVALHO LTDA EPP
7993129,CONSULTORIO DE PSICOLOGIA DARLIANE DE OLIVEIRA
9000216,INTERVE RN
9001301,ORAL ESTETIC
9011668,CONSULTORIO ODONTOLOGICO DRA CARLA CAROLINA
9025774,CONSULTORIO NUTRICIONAL DE MARIA LUIZA AZEVEDO
9020268,ONCO VITA CLINICA LTDA ME
9030212,SCIENTIART
9047883,CLINICA DE ORTOPEDIA
9045880,ING PSICOLOGIA CLINICA
9057447,NOVOS RUMOS EDUCACAO E SAUDE
9059288,CONSULTORIO DE PSICOLOGIA LUCIANA REVOREDO
9059164,M R SERVICOS MEDICOS HOSPITALARES
9313575,CENTRO DE PATOLOGIA CLINICA
9313532,CENTRO DE PATOLOGIA CLINICA
7942788,CONSULTORIO ODONTOLOGICO CIRURGIA FACIAL VASQUEZ
7951949,CONSULTORIO ODONTOLOGICO DRA EDNA MARIA GALVAO
7960530,INSTITUTO BEM TE VI
7964064,DENTAL DESIGN
7972318,CONSULTORIO ODONTOLIGICO DR RUBENS PINTO
7972369,CONSULTORIO ODONTOLOGICO DR RODRIGO MAFRA
7971869,INFINITY ODONTOLOGIA
7972083,CONSULTORIO DRA NATALIA ALVES
7973136,DNA LAURENTINO
7923287,UPA 24H POTENGI
7980868,CONSULTORIO ODONTOLOGICO DRA FABIANA FEITOSA
7982879,FELIZODONTO
7999534,CONSULTORIO ODONTOLOGICO
7994427,CONSULTORIO DRA ILANA BARROS
9022066,JALES SERVICOS MEDICOS
9020225,MEDICAL LABOR
9022090,NOVA ODONTO
9020128,DNA FERTIL LTDA
9020160,CLINICA QUALIFISIO
9015248,INCOR NATAL FILIAL
9016295,ELETROMIO
9016619,ALBUQUERQUE E MARQUES SERVICOS MEDICOS LTDA
9022295,CLINICENTER
9030549,CLINICA VASCULAR
9053263,ODONTO VITTA
9056602,FISIO C J
9070621,DIALOGUS ESPACO DE INTEGRACAO DA VIDA
9069224,CENTRO DE INFECTOLOGIA E MEDICINA TROPICAL
9086927,ODONTOLOGIA ESPECIALIZADA
9087001,ESPACO NORTE RIO GRANDENSE DE ESTUDO E PRATICA ANALITIC
9070591,SALUTE NUCLEO INTEGRADO LTDA
9088490,DNA SATELITE
9075054,LIGA DO CURATIVO NATAL RN
9094865,CLINICA LETTIERI
9079289,CONSULTORIO DRA ILANA SOARES BARROS MARX
9091262,LA BIOSTETIC
9105778,AFIG
9105387,ORAL NEW
9116087,CONSULTORIO ODONTOLOGICO DR MARCOS CUNHA
9116095,CEIT CENTRO INTEGRADO DE TERAPIAS
9118829,DNA IGAPO
9118837,DNA MIGUEL CASTRO
9120955,CONSULTORIO ODONTOLOGICO CRISTIANE C DA R CAMPOS EIRELI
9120963,CONSULTORIO DE FISIOTERAPIA DRA TANISE
9128352,ODONTO STUDIO
9123229,DNA DIVINOPOLIS
9141006,M NUTRE
9320709,CLINICA DE NEUROCIRURGIOES DO RN
9328459,CIM VACINAS
9324879,CONSULTORIO ODONTOLOGICO DRA ANA FLAVIA LOPES
9325662,CONSULTORIO ODONTOLOGICO DRA RAQUEL ANDRADE
9328327,ORAL NORTE
9328475,CIRURGIA ONCOLOGICA DE NATAL
9123210,DNA MAJOR LAURENTINO
9150382,HUMANITA CLINICA DE PSICOLOGIA
9147691,REUMATOLOGICA
9147721,DISTRITO LESTE
9154809,CONSULTORIO ODONTOLOGICO DR ORYANA
9158278,FISIO CARE
9158286,ORAL ESSENCE
9156801,CLINICA DA MAO NATAL
9166262,CONSULTORIO ODONTOLOGICO DRA EDNA GOMES
9166343,M P ODONTOLOGIA
9187995,HARMONY CLINICA DE PSICOLOGIA
9184090,EUROLATINO NATAL
9187979,DISTRITO NORTE II
9192603,WELLNESS CENTER
9188908,P L DERMATOLOGIA E CLINICA MEDICA
9197559,LAES LABORATORIO
9208437,PRONTO RIM
9201467,CONSULTORIO DE PSICOLOGIA VALESCA PINHEIRO
9208410,CLINICA SALUTARIS ODONTOLOGIA
9221212,PROLAB LABORATORIO
9223002,CLINICA SAO JUDAS TADEU
9233849,SORRISO LEGAL
9232664,UNIDADE ODONTOLOGIA MOVEL
9228128,FONO VIDA FONOAUDIOLOGIA
9228802,VITAE CLINICA
9231846,CONSULTORIO ODONTOLOGICO TALITA BARBOSA DA SILVA PAIVA
9193405,DERMO IMAGEM
9213546,DERMATHOS
9213481,TRANSITARE
9226842,SAUDE BRASIL
9233261,PROFAMILIA MULTICLINICAS
9245677,CONSULTORIO DE NUTRICAO AGNES MARTINS
9244859,CONSULTORIO ODONTOLOGICO DRA CRISTIANE
9248919,DERMOVASC DERMATOLOGIA E VASCULAR LTDA
9253238,CONSULTORIO MEDICO DRA LUDMILA CORRAL
9262113,CONSULTORIO MEDICO ANA LUISA CHAVES
9275207,ASSMED
9268626,CONSULTORIO PSICOLOGICO CAROLINE RAMOS
9280456,JF SERVICOS MEDICOS
9300198,CONSULTORIO DE FISIOTERAPIA JURELZA GALVAO DA SILVA
9300368,CONSULTORIO DE PSICOLOGIA LARISSA MELLO
9300201,OLIVEIRA E LUNA SERVICOS MEDICOS
9310452,CONSULTORIO DE FISIOTERAPIA CALINE JESUS
9316051,CRUZ PINTO E TAVARES MEDICOS ASSOCIADOS
9305777,USF ENFERMEIRA ROSANGELA LIMA
9313605,CLINICA HUMANA MENTE
9356711,JOVIALLY
9361383,CLINICA DE ESTETICA ODONTOLOGICA
9361936,UPA 24HS CIDADE SATELITE
9349189,INSTITUTO DE ONCOGENETICA
9361731,FARMACIA E LABORATORIO BIOVIDA
9367535,CONSULTORIO PSICANALISE DRA SOCORRO DUARTE
9367616,CLINICA DE FISIOTERAPIA REVITALY
9369724,CPRN
9374396,CONSULTORIO ODONTOLOGICO DRA MERCIA CUNHA
9374507,CONSULTORIO DE PSICOLOGIA ZWINGLIO TAVARES
9375112,K L ODONTOLOGIA INTEGRADA
9361340,AL DERMATOLOGIA
9379967,CONDULTORIO ODONTOLOGICO DRA IONE L D DE ARAUJO
9374523,CLINICA SILVIA MEDEIROS
9373829,LABOCON
9386017,GILBERTO FRANCA E EQUIPE
9396659,DNA ESTACAO
9396667,DNA ESPERANCA
9396969,CONSULTORIO ODONTOLIGICO DRA IZA MONTENEGRO
9397841,CONSULTORIO ODONTOLOGICO DR RICARDO CRACIUN
9396683,DNA NEOPOLIS
9392874,CONSULTORIO ODONTOLOGICO DRA EDNA MARIA FERNANDES VIEIRA
9424385,CNDT
9433678,STUDIO OROFACIAL
9334874,STUDIO ORAL DRA CAMILA OLIVEIRA
9336176,CONSULTORIO ODONTOLOGICO DR WILSON RODRIGUES
9313559,CENTRO DE PATOLOGIA CLINICA
9334866,CLINICA TRATARE
